"EventSummary_Id","EventSummary_Version","EventSummary_Creator","EventSummary_Active","EventSummary_AdapterSource","EventSummary_AdapterFlag","EventSummary_PartitionNumber","EventSummary_PurgeState","EventSummary_TimeCreated","EventSummary_TimeUpdated","EventSummary_LoadCreateTime","EventSummary_LoadUpdateTime","EventId","ProjectName","ProjectId","TemplateName","TemplateId","ProjectTypeName","ProjectTypeId","SourceSystem","SourceSystemId","SourceSystemType","EventStartDate","EventEndDate","EstAwardDate","ContractEffectiveDate","EventCreateDate","PreviewBeginDate","BiddingStartDate","BiddingEndDate","Owner_UserName","Owner_UserId","EventSummary_Origin","EventSummary_AclId","EventSummary_BaselineSpend","EventSummary_BaselineSpend_S1","EventSummary_BaselineSpend_S2","EventSummary_BaselineSpend_S3","EventSummary_BaselineSpend_S4","EventSummary_BaselineSpend_S5","EventSummary_BaselineSpend_S6","EventSummary_BaselineSpend_S7","EventSummary_BaselineSpend_S8","EventSummary_BaselineSpend_S9","EventSummary_BaselineSpend_S10","EventSummary_BaselineSpend_S11","EventSummary_BaselineSpend_S12","EventSummary_BaselineSpend_S13","EventSummary_BaselineSpend_S14","EventSummary_BaselineSpend_S15","EventSummary_BaselineSpend_S16","EventSummary_BaselineSpend_S17","EventSummary_BaselineSpend_S18","EventSummary_BaselineSpend_S19","EventSummary_BaselineSpend_S20","EventSummary_TargetSavingsPct","EventSummary_ContractMonths","EventSummary_BidsSubmitted","EventSummary_BidsRemoved","EventSummary_SurrogateBids","EventSummary_NumQuestions","EventSummary_InvitedSuppliers","EventSummary_AcceptedSuppliers","EventSummary_DeclinedSuppliers","EventSummary_ParticipSuppliers"
"AAHMAN1V4fKNm","4","","true","","0","460","0","12/5/2022 8:09 AM","12/5/2022 8:11 AM","12/5/2022 8:00 AM","12/5/2022 8:00 AM","Doc6759122","MassEvent - Reverse Auction #259","WS6759114","Reverse Auction","PI384524","Sourcing Project","ariba.sourcing.rfx.SourcingProject","ASM","ASM","ASM","11/29/2022 12:00 AM","11/29/2022 12:00 AM","1/1/1970 12:00 AM","1/1/1970 12:00 AM","11/29/2022 12:00 AM","11/29/2022 12:00 AM","11/29/2022 12:00 AM","11/29/2022 12:00 AM","Customer Support Admin","customersupportadmin","0","12","0.00000","0.00000","0.00000","0.00000","0.00000","0.00000","0.00000","0.00000","0.00000","0.00000","0.00000","0.00000","0.00000","0.00000","0.00000","0.00000","0.00000","0.00000","0.00000","0.00000","0.00000","0.0000000000","0.0000000000","36","0","0","2","6","6","0","6"
"AAHMAN1V4fI48","4","","true","","0","460","0","12/5/2022 8:09 AM","12/5/2022 8:11 AM","12/5/2022 8:00 AM","12/5/2022 8:00 AM","Doc6755796","MassEvent - Reverse Auction #181","WS6755788","Reverse Auction","PI384524","Sourcing Project","ariba.sourcing.rfx.SourcingProject","ASM","ASM","ASM","11/29/2022 12:00 AM","11/29/2022 12:00 AM","1/1/1970 12:00 AM","1/1/1970 12:00 AM","11/29/2022 12:00 AM","11/29/2022 12:00 AM","11/29/2022 12:00 AM","11/29/2022 12:00 AM","Customer Support Admin","customersupportadmin","0","12","0.00000","0.00000","0.00000","0.00000","0.00000","0.00000","0.00000","0.00000","0.00000","0.00000","0.00000","0.00000","0.00000","0.00000","0.00000","0.00000","0.00000","0.00000","0.00000","0.00000","0.00000","0.0000000000","0.0000000000","36","0","0","2","6","6","0","6"
"AAHMAN1V4fI0S","4","","true","","0","460","0","12/5/2022 8:09 AM","12/5/2022 8:11 AM","12/5/2022 8:00 AM","12/5/2022 8:00 AM","Doc6755745","MassEvent - Reverse Auction #178","WS6755737","Reverse Auction","PI384524","Sourcing Project","ariba.sourcing.rfx.SourcingProject","ASM","ASM","ASM","11/29/2022 12:00 AM","11/29/2022 12:00 AM","1/1/1970 12:00 AM","1/1/1970 12:00 AM","11/29/2022 12:00 AM","11/29/2022 12:00 AM","11/29/2022 12:00 AM","11/29/2022 12:00 AM","Customer Support Admin","customersupportadmin","0","12","0.00000","0.00000","0.00000","0.00000","0.00000","0.00000","0.00000","0.00000","0.00000","0.00000","0.00000","0.00000","0.00000","0.00000","0.00000","0.00000","0.00000","0.00000","0.00000","0.00000","0.00000","0.0000000000","0.0000000000","36","0","0","2","6","6","0","6"
"AAHMAN1V4fJlk","4","","true","","0","460","0","12/5/2022 8:09 AM","12/5/2022 8:11 AM","12/5/2022 8:00 AM","12/5/2022 8:00 AM","Doc6757914","MassEvent - Reverse Auction #235","WS6757906","Reverse Auction","PI384524","Sourcing Project","ariba.sourcing.rfx.SourcingProject","ASM","ASM","ASM","11/29/2022 12:00 AM","11/29/2022 12:00 AM","1/1/1970 12:00 AM","1/1/1970 12:00 AM","11/29/2022 12:00 AM","11/29/2022 12:00 AM","11/29/2022 12:00 AM","11/29/2022 12:00 AM","Customer Support Admin","customersupportadmin","0","12","0.00000","0.00000","0.00000","0.00000","0.00000","0.00000","0.00000","0.00000","0.00000","0.00000","0.00000","0.00000","0.00000","0.00000","0.00000","0.00000","0.00000","0.00000","0.00000","0.00000","0.00000","0.0000000000","0.0000000000","36","0","0","2","6","6","0","6"
"AAHMAN1V4fJud","4","","true","","0","460","0","12/5/2022 8:09 AM","12/5/2022 8:11 AM","12/5/2022 8:00 AM","12/5/2022 8:00 AM","Doc6756787","MassEvent - Reverse Auction #204","WS6756779","Reverse Auction","PI384524","Sourcing Project","ariba.sourcing.rfx.SourcingProject","ASM","ASM","ASM","11/29/2022 12:00 AM","11/29/2022 12:00 AM","1/1/1970 12:00 AM","1/1/1970 12:00 AM","11/29/2022 12:00 AM","11/29/2022 12:00 AM","11/29/2022 12:00 AM","11/29/2022 12:00 AM","Customer Support Admin","customersupportadmin","0","12","0.00000","0.00000","0.00000","0.00000","0.00000","0.00000","0.00000","0.00000","0.00000","0.00000","0.00000","0.00000","0.00000","0.00000","0.00000","0.00000","0.00000","0.00000","0.00000","0.00000","0.00000","0.0000000000","0.0000000000","36","0","0","2","6","6","0","6"
"AAHMAN1V4fIrz","4","","true","","0","460","0","12/5/2022 8:09 AM","12/5/2022 8:11 AM","12/5/2022 8:00 AM","12/5/2022 8:00 AM","Doc6744368","DemoSupplier1","WS6744360","Reverse Auction","PI384524","Sourcing Project","ariba.sourcing.rfx.SourcingProject","ASM","ASM","ASM","11/29/2022 12:00 AM","11/29/2022 12:00 AM","1/1/1970 12:00 AM","1/1/1970 12:00 AM","11/29/2022 12:00 AM","11/29/2022 12:00 AM","11/29/2022 12:00 AM","11/29/2022 12:00 AM","Customer Support Admin","customersupportadmin","0","12","0.00000","0.00000","0.00000","0.00000","0.00000","0.00000","0.00000","0.00000","0.00000","0.00000","0.00000","0.00000","0.00000","0.00000","0.00000","0.00000","0.00000","0.00000","0.00000","0.00000","0.00000","0.0000000000","0.0000000000","5","0","5","0","18","3","0","3"
"AAHMAN1V4fJo1","4","","true","","0","460","0","12/5/2022 8:09 AM","12/5/2022 8:11 AM","12/5/2022 8:00 AM","12/5/2022 8:00 AM","Doc6756736","MassEvent - Reverse Auction #201","WS6756728","Reverse Auction","PI384524","Sourcing Project","ariba.sourcing.rfx.SourcingProject","ASM","ASM","ASM","11/29/2022 12:00 AM","11/29/2022 12:00 AM","1/1/1970 12:00 AM","1/1/1970 12:00 AM","11/29/2022 12:00 AM","11/29/2022 12:00 AM","11/29/2022 12:00 AM","11/29/2022 12:00 AM","Customer Support Admin","customersupportadmin","0","12","0.00000","0.00000","0.00000","0.00000","0.00000","0.00000","0.00000","0.00000","0.00000","0.00000","0.00000","0.00000","0.00000","0.00000","0.00000","0.00000","0.00000","0.00000","0.00000","0.00000","0.00000","0.0000000000","0.0000000000","36","0","0","2","6","6","0","6"
"AAHMAN1V4fJsh","4","","true","","0","460","0","12/5/2022 8:09 AM","12/5/2022 8:11 AM","12/5/2022 8:00 AM","12/5/2022 8:00 AM","Doc6758182","MassEvent - Reverse Auction #239","WS6758174","Reverse Auction","PI384524","Sourcing Project","ariba.sourcing.rfx.SourcingProject","ASM","ASM","ASM","11/29/2022 12:00 AM","11/29/2022 12:00 AM","1/1/1970 12:00 AM","1/1/1970 12:00 AM","11/29/2022 12:00 AM","11/29/2022 12:00 AM","11/29/2022 12:00 AM","11/29/2022 12:00 AM","Customer Support Admin","customersupportadmin","0","12","0.00000","0.00000","0.00000","0.00000","0.00000","0.00000","0.00000","0.00000","0.00000","0.00000","0.00000","0.00000","0.00000","0.00000","0.00000","0.00000","0.00000","0.00000","0.00000","0.00000","0.00000","0.0000000000","0.0000000000","36","0","0","2","6","6","0","6"
"AAHMAN1V4fJn9","4","","true","","0","460","0","12/5/2022 8:09 AM","12/5/2022 8:11 AM","12/5/2022 8:00 AM","12/5/2022 8:00 AM","Doc6758131","MassEvent - Reverse Auction #236","WS6757923","Reverse Auction","PI384524","Sourcing Project","ariba.sourcing.rfx.SourcingProject","ASM","ASM","ASM","11/29/2022 12:00 AM","11/29/2022 12:00 AM","1/1/1970 12:00 AM","1/1/1970 12:00 AM","11/29/2022 12:00 AM","11/29/2022 12:00 AM","11/29/2022 12:00 AM","11/29/2022 12:00 AM","Customer Support Admin","customersupportadmin","0","12","0.00000","0.00000","0.00000","0.00000","0.00000","0.00000","0.00000","0.00000","0.00000","0.00000","0.00000","0.00000","0.00000","0.00000","0.00000","0.00000","0.00000","0.00000","0.00000","0.00000","0.00000","0.0000000000","0.0000000000","36","0","0","2","6","6","0","6"
"AAHMAN1V4fKT3","4","","true","","0","460","0","12/5/2022 8:09 AM","12/5/2022 8:11 AM","12/5/2022 8:00 AM","12/5/2022 8:00 AM","Doc6759409","MassEvent - Reverse Auction #264","WS6759401","Reverse Auction","PI384524","Sourcing Project","ariba.sourcing.rfx.SourcingProject","ASM","ASM","ASM","11/29/2022 12:00 AM","11/29/2022 12:00 AM","1/1/1970 12:00 AM","1/1/1970 12:00 AM","11/29/2022 12:00 AM","11/29/2022 12:00 AM","11/29/2022 12:00 AM","11/29/2022 12:00 AM","Customer Support Admin","customersupportadmin","0","12","0.00000","0.00000","0.00000","0.00000","0.00000","0.00000","0.00000","0.00000","0.00000","0.00000","0.00000","0.00000","0.00000","0.00000","0.00000","0.00000","0.00000","0.00000","0.00000","0.00000","0.00000","0.0000000000","0.0000000000","36","0","0","2","6","6","0","6"
"AAHMAN1V4fKGY","4","","true","","0","460","0","12/5/2022 8:09 AM","12/5/2022 8:11 AM","12/5/2022 8:00 AM","12/5/2022 8:00 AM","Doc6758820","MassEvent - Reverse Auction #253","WS6758812","Reverse Auction","PI384524","Sourcing Project","ariba.sourcing.rfx.SourcingProject","ASM","ASM","ASM","11/29/2022 12:00 AM","11/29/2022 12:00 AM","1/1/1970 12:00 AM","1/1/1970 12:00 AM","11/29/2022 12:00 AM","11/29/2022 12:00 AM","11/29/2022 12:00 AM","11/29/2022 12:00 AM","Customer Support Admin","customersupportadmin","0","12","0.00000","0.00000","0.00000","0.00000","0.00000","0.00000","0.00000","0.00000","0.00000","0.00000","0.00000","0.00000","0.00000","0.00000","0.00000","0.00000","0.00000","0.00000","0.00000","0.00000","0.00000","0.0000000000","0.0000000000","36","0","0","2","6","6","0","6"
"AAHMAN1V4fH6q","4","","true","","0","460","0","12/5/2022 8:09 AM","12/5/2022 8:11 AM","12/5/2022 8:00 AM","12/5/2022 8:00 AM","Doc6762337","demo2","WS6762329","Reverse Auction","PI384524","Sourcing Project","ariba.sourcing.rfx.SourcingProject","ASM","ASM","ASM","11/29/2022 12:00 AM","11/29/2022 12:00 AM","1/1/1970 12:00 AM","1/1/1970 12:00 AM","11/29/2022 12:00 AM","11/29/2022 12:00 AM","11/29/2022 12:00 AM","11/29/2022 12:00 AM","Customer Support Admin","customersupportadmin","0","12","0.00000","0.00000","0.00000","0.00000","0.00000","0.00000","0.00000","0.00000","0.00000","0.00000","0.00000","0.00000","0.00000","0.00000","0.00000","0.00000","0.00000","0.00000","0.00000","0.00000","0.00000","0.0000000000","0.0000000000","2","0","2","0","26","4","0","2"
"AAHMAN1V4fJMY","4","","true","","0","460","0","12/5/2022 8:09 AM","12/5/2022 8:11 AM","12/5/2022 8:00 AM","12/5/2022 8:00 AM","Doc6756098","MassEvent - Reverse Auction #187","WS6756090","Reverse Auction","PI384524","Sourcing Project","ariba.sourcing.rfx.SourcingProject","ASM","ASM","ASM","11/29/2022 12:00 AM","1/1/1970 12:00 AM","1/1/1970 12:00 AM","1/1/1970 12:00 AM","11/29/2022 12:00 AM","11/29/2022 12:00 AM","11/29/2022 12:00 AM","11/29/2022 12:00 AM","Customer Support Admin","customersupportadmin","0","12","0.00000","0.00000","0.00000","0.00000","0.00000","0.00000","0.00000","0.00000","0.00000","0.00000","0.00000","0.00000","0.00000","0.00000","0.00000","0.00000","0.00000","0.00000","0.00000","0.00000","0.00000","0.0000000000","0.0000000000","14","0","0","2","6","6","0","6"
"AAHMAN1V4fJE4","4","","true","","0","460","0","12/5/2022 8:09 AM","12/5/2022 8:11 AM","12/5/2022 8:00 AM","12/5/2022 8:00 AM","Doc6756047","MassEvent - Reverse Auction #184","WS6756039","Reverse Auction","PI384524","Sourcing Project","ariba.sourcing.rfx.SourcingProject","ASM","ASM","ASM","11/29/2022 12:00 AM","11/29/2022 12:00 AM","1/1/1970 12:00 AM","1/1/1970 12:00 AM","11/29/2022 12:00 AM","11/29/2022 12:00 AM","11/29/2022 12:00 AM","11/29/2022 12:00 AM","Customer Support Admin","customersupportadmin","0","12","0.00000","0.00000","0.00000","0.00000","0.00000","0.00000","0.00000","0.00000","0.00000","0.00000","0.00000","0.00000","0.00000","0.00000","0.00000","0.00000","0.00000","0.00000","0.00000","0.00000","0.00000","0.0000000000","0.0000000000","36","0","0","2","6","6","0","6"
"AAHMAN1V4fIvo","4","","true","","0","460","0","12/5/2022 8:09 AM","12/5/2022 8:11 AM","12/5/2022 8:00 AM","12/5/2022 8:00 AM","Doc6755477","MassEvent - Reverse Auction #174","WS6755469","Reverse Auction","PI384524","Sourcing Project","ariba.sourcing.rfx.SourcingProject","ASM","ASM","ASM","11/29/2022 12:00 AM","11/29/2022 12:00 AM","1/1/1970 12:00 AM","1/1/1970 12:00 AM","11/29/2022 12:00 AM","11/29/2022 12:00 AM","11/29/2022 12:00 AM","11/29/2022 12:00 AM","Customer Support Admin","customersupportadmin","0","12","0.00000","0.00000","0.00000","0.00000","0.00000","0.00000","0.00000","0.00000","0.00000","0.00000","0.00000","0.00000","0.00000","0.00000","0.00000","0.00000","0.00000","0.00000","0.00000","0.00000","0.00000","0.0000000000","0.0000000000","36","0","0","2","6","6","0","6"
"AAHMAN1V4fKRD","4","","true","","0","460","0","12/5/2022 8:09 AM","12/5/2022 8:11 AM","12/5/2022 8:00 AM","12/5/2022 8:00 AM","Doc6759357","MassEvent - Reverse Auction #261","WS6759349","Reverse Auction","PI384524","Sourcing Project","ariba.sourcing.rfx.SourcingProject","ASM","ASM","ASM","11/29/2022 12:00 AM","11/29/2022 12:00 AM","1/1/1970 12:00 AM","1/1/1970 12:00 AM","11/29/2022 12:00 AM","11/29/2022 12:00 AM","11/29/2022 12:00 AM","11/29/2022 12:00 AM","Customer Support Admin","customersupportadmin","0","12","0.00000","0.00000","0.00000","0.00000","0.00000","0.00000","0.00000","0.00000","0.00000","0.00000","0.00000","0.00000","0.00000","0.00000","0.00000","0.00000","0.00000","0.00000","0.00000","0.00000","0.00000","0.0000000000","0.0000000000","36","0","0","2","6","6","0","6"
"AAHMAN1V4fKBw","4","","true","","0","460","0","12/5/2022 8:09 AM","12/5/2022 8:11 AM","12/5/2022 8:00 AM","12/5/2022 8:00 AM","Doc6758769","MassEvent - Reverse Auction #250","WS6758761","Reverse Auction","PI384524","Sourcing Project","ariba.sourcing.rfx.SourcingProject","ASM","ASM","ASM","11/29/2022 12:00 AM","11/29/2022 12:00 AM","1/1/1970 12:00 AM","1/1/1970 12:00 AM","11/29/2022 12:00 AM","11/29/2022 12:00 AM","11/29/2022 12:00 AM","11/29/2022 12:00 AM","Customer Support Admin","customersupportadmin","0","12","0.00000","0.00000","0.00000","0.00000","0.00000","0.00000","0.00000","0.00000","0.00000","0.00000","0.00000","0.00000","0.00000","0.00000","0.00000","0.00000","0.00000","0.00000","0.00000","0.00000","0.00000","0.0000000000","0.0000000000","36","0","0","2","6","6","0","6"
"AAHMAN1V4fJVr","3","","true","","0","460","0","12/5/2022 8:09 AM","12/5/2022 8:11 AM","12/5/2022 8:00 AM","12/5/2022 8:00 AM","Doc6756383","MassEvent - Reverse Auction #192","WS6756375","Reverse Auction","PI384524","Sourcing Project","ariba.sourcing.rfx.SourcingProject","ASM","ASM","ASM","11/29/2022 12:00 AM","1/1/1970 12:00 AM","1/1/1970 12:00 AM","1/1/1970 12:00 AM","11/29/2022 12:00 AM","11/29/2022 12:00 AM","11/29/2022 12:00 AM","11/29/2022 12:00 AM","Customer Support Admin","customersupportadmin","0","12","0.00000","0.00000","0.00000","0.00000","0.00000","0.00000","0.00000","0.00000","0.00000","0.00000","0.00000","0.00000","0.00000","0.00000","0.00000","0.00000","0.00000","0.00000","0.00000","0.00000","0.00000","0.0000000000","0.0000000000","0","0","0","2","6","0","0","0"
"AAHMAN1V4fJAU","4","","true","","0","460","0","12/5/2022 8:09 AM","12/5/2022 8:11 AM","12/5/2022 8:00 AM","12/5/2022 8:00 AM","Doc6757342","MassEvent - Reverse Auction #219","WS6757334","Reverse Auction","PI384524","Sourcing Project","ariba.sourcing.rfx.SourcingProject","ASM","ASM","ASM","11/29/2022 12:00 AM","11/29/2022 12:00 AM","1/1/1970 12:00 AM","1/1/1970 12:00 AM","11/29/2022 12:00 AM","11/29/2022 12:00 AM","11/29/2022 12:00 AM","11/29/2022 12:00 AM","Customer Support Admin","customersupportadmin","0","12","0.00000","0.00000","0.00000","0.00000","0.00000","0.00000","0.00000","0.00000","0.00000","0.00000","0.00000","0.00000","0.00000","0.00000","0.00000","0.00000","0.00000","0.00000","0.00000","0.00000","0.00000","0.0000000000","0.0000000000","36","0","0","2","6","6","0","6"
"AAHMAN1V4fJ1O","4","","true","","0","460","0","12/5/2022 8:09 AM","12/5/2022 8:11 AM","12/5/2022 8:00 AM","12/5/2022 8:00 AM","Doc6758350","MassEvent - Reverse Auction #243","WS6758342","Reverse Auction","PI384524","Sourcing Project","ariba.sourcing.rfx.SourcingProject","ASM","ASM","ASM","11/29/2022 12:00 AM","11/29/2022 12:00 AM","1/1/1970 12:00 AM","1/1/1970 12:00 AM","11/29/2022 12:00 AM","11/29/2022 12:00 AM","11/29/2022 12:00 AM","11/29/2022 12:00 AM","Customer Support Admin","customersupportadmin","0","12","0.00000","0.00000","0.00000","0.00000","0.00000","0.00000","0.00000","0.00000","0.00000","0.00000","0.00000","0.00000","0.00000","0.00000","0.00000","0.00000","0.00000","0.00000","0.00000","0.00000","0.00000","0.0000000000","0.0000000000","36","0","0","2","6","6","0","6"
"AAHMAN1V4fJej","4","","true","","0","460","0","12/5/2022 8:09 AM","12/5/2022 8:11 AM","12/5/2022 8:00 AM","12/5/2022 8:00 AM","Doc6756634","MassEvent - Reverse Auction #195","WS6756426","Reverse Auction","PI384524","Sourcing Project","ariba.sourcing.rfx.SourcingProject","ASM","ASM","ASM","11/29/2022 12:00 AM","11/29/2022 12:00 AM","1/1/1970 12:00 AM","1/1/1970 12:00 AM","11/29/2022 12:00 AM","11/29/2022 12:00 AM","11/29/2022 12:00 AM","11/29/2022 12:00 AM","Customer Support Admin","customersupportadmin","0","12","0.00000","0.00000","0.00000","0.00000","0.00000","0.00000","0.00000","0.00000","0.00000","0.00000","0.00000","0.00000","0.00000","0.00000","0.00000","0.00000","0.00000","0.00000","0.00000","0.00000","0.00000","0.0000000000","0.0000000000","36","0","0","2","6","6","0","6"
"AAHMAN1V4fKS6","4","","true","","0","460","0","12/5/2022 8:09 AM","12/5/2022 8:11 AM","12/5/2022 8:00 AM","12/5/2022 8:00 AM","Doc6759392","MassEvent - Reverse Auction #263","WS6759384","Reverse Auction","PI384524","Sourcing Project","ariba.sourcing.rfx.SourcingProject","ASM","ASM","ASM","11/29/2022 12:00 AM","11/29/2022 12:00 AM","1/1/1970 12:00 AM","1/1/1970 12:00 AM","11/29/2022 12:00 AM","11/29/2022 12:00 AM","11/29/2022 12:00 AM","11/29/2022 12:00 AM","Customer Support Admin","customersupportadmin","0","12","0.00000","0.00000","0.00000","0.00000","0.00000","0.00000","0.00000","0.00000","0.00000","0.00000","0.00000","0.00000","0.00000","0.00000","0.00000","0.00000","0.00000","0.00000","0.00000","0.00000","0.00000","0.0000000000","0.0000000000","36","0","0","2","6","6","0","6"
"AAHMAN1V4fJxg","4","","true","","0","460","0","12/5/2022 8:09 AM","12/5/2022 8:11 AM","12/5/2022 8:00 AM","12/5/2022 8:00 AM","Doc6758216","MassEvent - Reverse Auction #241","WS6758208","Reverse Auction","PI384524","Sourcing Project","ariba.sourcing.rfx.SourcingProject","ASM","ASM","ASM","11/29/2022 12:00 AM","11/29/2022 12:00 AM","1/1/1970 12:00 AM","1/1/1970 12:00 AM","11/29/2022 12:00 AM","11/29/2022 12:00 AM","11/29/2022 12:00 AM","11/29/2022 12:00 AM","Customer Support Admin","customersupportadmin","0","12","0.00000","0.00000","0.00000","0.00000","0.00000","0.00000","0.00000","0.00000","0.00000","0.00000","0.00000","0.00000","0.00000","0.00000","0.00000","0.00000","0.00000","0.00000","0.00000","0.00000","0.00000","0.0000000000","0.0000000000","36","0","0","2","6","6","0","6"
"AAHMAN1V4fKJ5","4","","true","","0","460","0","12/5/2022 8:09 AM","12/5/2022 8:11 AM","12/5/2022 8:00 AM","12/5/2022 8:00 AM","Doc6759071","MassEvent - Reverse Auction #256","WS6759063","Reverse Auction","PI384524","Sourcing Project","ariba.sourcing.rfx.SourcingProject","ASM","ASM","ASM","11/29/2022 12:00 AM","11/29/2022 12:00 AM","1/1/1970 12:00 AM","1/1/1970 12:00 AM","11/29/2022 12:00 AM","11/29/2022 12:00 AM","11/29/2022 12:00 AM","11/29/2022 12:00 AM","Customer Support Admin","customersupportadmin","0","12","0.00000","0.00000","0.00000","0.00000","0.00000","0.00000","0.00000","0.00000","0.00000","0.00000","0.00000","0.00000","0.00000","0.00000","0.00000","0.00000","0.00000","0.00000","0.00000","0.00000","0.00000","0.0000000000","0.0000000000","36","0","0","2","6","6","0","6"
"AAHMAN1V4fJ6d","4","","true","","0","460","0","12/5/2022 8:09 AM","12/5/2022 8:11 AM","12/5/2022 8:00 AM","12/5/2022 8:00 AM","Doc6757089","MassEvent - Reverse Auction #210","WS6757081","Reverse Auction","PI384524","Sourcing Project","ariba.sourcing.rfx.SourcingProject","ASM","ASM","ASM","11/29/2022 12:00 AM","11/29/2022 12:00 AM","1/1/1970 12:00 AM","1/1/1970 12:00 AM","11/29/2022 12:00 AM","11/29/2022 12:00 AM","11/29/2022 12:00 AM","11/29/2022 12:00 AM","Customer Support Admin","customersupportadmin","0","12","0.00000","0.00000","0.00000","0.00000","0.00000","0.00000","0.00000","0.00000","0.00000","0.00000","0.00000","0.00000","0.00000","0.00000","0.00000","0.00000","0.00000","0.00000","0.00000","0.00000","0.00000","0.0000000000","0.0000000000","36","0","0","2","6","6","0","6"
"AAHMAN1V4fJnR","4","","true","","0","460","0","12/5/2022 8:09 AM","12/5/2022 8:11 AM","12/5/2022 8:00 AM","12/5/2022 8:00 AM","Doc6756719","MassEvent - Reverse Auction #200","WS6756711","Reverse Auction","PI384524","Sourcing Project","ariba.sourcing.rfx.SourcingProject","ASM","ASM","ASM","11/29/2022 12:00 AM","11/29/2022 12:00 AM","1/1/1970 12:00 AM","1/1/1970 12:00 AM","11/29/2022 12:00 AM","11/29/2022 12:00 AM","11/29/2022 12:00 AM","11/29/2022 12:00 AM","Customer Support Admin","customersupportadmin","0","12","0.00000","0.00000","0.00000","0.00000","0.00000","0.00000","0.00000","0.00000","0.00000","0.00000","0.00000","0.00000","0.00000","0.00000","0.00000","0.00000","0.00000","0.00000","0.00000","0.00000","0.00000","0.0000000000","0.0000000000","36","0","0","2","6","6","0","6"
"AAHMAN1V4fJ4!","4","","true","","0","460","0","12/5/2022 8:09 AM","12/5/2022 8:11 AM","12/5/2022 8:00 AM","12/5/2022 8:00 AM","Doc6758384","MassEvent - Reverse Auction #245","WS6758376","Reverse Auction","PI384524","Sourcing Project","ariba.sourcing.rfx.SourcingProject","ASM","ASM","ASM","11/29/2022 12:00 AM","11/29/2022 12:00 AM","1/1/1970 12:00 AM","1/1/1970 12:00 AM","11/29/2022 12:00 AM","11/29/2022 12:00 AM","11/29/2022 12:00 AM","11/29/2022 12:00 AM","Customer Support Admin","customersupportadmin","0","12","0.00000","0.00000","0.00000","0.00000","0.00000","0.00000","0.00000","0.00000","0.00000","0.00000","0.00000","0.00000","0.00000","0.00000","0.00000","0.00000","0.00000","0.00000","0.00000","0.00000","0.00000","0.0000000000","0.0000000000","36","0","0","2","6","6","0","6"
"AAHMAN1V4fI3+","4","","true","","0","460","0","12/5/2022 8:09 AM","12/5/2022 8:11 AM","12/5/2022 8:00 AM","12/5/2022 8:00 AM","Doc6755779","MassEvent - Reverse Auction #180","WS6755771","Reverse Auction","PI384524","Sourcing Project","ariba.sourcing.rfx.SourcingProject","ASM","ASM","ASM","11/29/2022 12:00 AM","11/29/2022 12:00 AM","1/1/1970 12:00 AM","1/1/1970 12:00 AM","11/29/2022 12:00 AM","11/29/2022 12:00 AM","11/29/2022 12:00 AM","11/29/2022 12:00 AM","Customer Support Admin","customersupportadmin","0","12","0.00000","0.00000","0.00000","0.00000","0.00000","0.00000","0.00000","0.00000","0.00000","0.00000","0.00000","0.00000","0.00000","0.00000","0.00000","0.00000","0.00000","0.00000","0.00000","0.00000","0.00000","0.0000000000","0.0000000000","36","0","0","2","6","6","0","6"
"AAHMAN1V4fI2B","4","","true","","0","460","0","12/5/2022 8:09 AM","12/5/2022 8:11 AM","12/5/2022 8:00 AM","12/5/2022 8:00 AM","Doc6755762","MassEvent - Reverse Auction #179","WS6755754","Reverse Auction","PI384524","Sourcing Project","ariba.sourcing.rfx.SourcingProject","ASM","ASM","ASM","11/29/2022 12:00 AM","11/29/2022 12:00 AM","1/1/1970 12:00 AM","1/1/1970 12:00 AM","11/29/2022 12:00 AM","11/29/2022 12:00 AM","11/29/2022 12:00 AM","11/29/2022 12:00 AM","Customer Support Admin","customersupportadmin","0","12","0.00000","0.00000","0.00000","0.00000","0.00000","0.00000","0.00000","0.00000","0.00000","0.00000","0.00000","0.00000","0.00000","0.00000","0.00000","0.00000","0.00000","0.00000","0.00000","0.00000","0.00000","0.0000000000","0.0000000000","36","0","0","2","6","6","0","6"
"AAHMAN1V4fKLX","4","","true","","0","460","0","12/5/2022 8:09 AM","12/5/2022 8:11 AM","12/5/2022 8:00 AM","12/5/2022 8:00 AM","Doc6759088","MassEvent - Reverse Auction #257","WS6759080","Reverse Auction","PI384524","Sourcing Project","ariba.sourcing.rfx.SourcingProject","ASM","ASM","ASM","11/29/2022 12:00 AM","11/29/2022 12:00 AM","1/1/1970 12:00 AM","1/1/1970 12:00 AM","11/29/2022 12:00 AM","11/29/2022 12:00 AM","11/29/2022 12:00 AM","11/29/2022 12:00 AM","Customer Support Admin","customersupportadmin","0","12","0.00000","0.00000","0.00000","0.00000","0.00000","0.00000","0.00000","0.00000","0.00000","0.00000","0.00000","0.00000","0.00000","0.00000","0.00000","0.00000","0.00000","0.00000","0.00000","0.00000","0.00000","0.0000000000","0.0000000000","36","0","0","2","6","6","0","6"
"AAHMAN1V4fJZu","4","","true","","0","460","0","12/5/2022 8:09 AM","12/5/2022 8:11 AM","12/5/2022 8:00 AM","12/5/2022 8:00 AM","Doc6757829","MassEvent - Reverse Auction #230","WS6757721","Reverse Auction","PI384524","Sourcing Project","ariba.sourcing.rfx.SourcingProject","ASM","ASM","ASM","11/29/2022 12:00 AM","11/29/2022 12:00 AM","1/1/1970 12:00 AM","1/1/1970 12:00 AM","11/29/2022 12:00 AM","11/29/2022 12:00 AM","11/29/2022 12:00 AM","11/29/2022 12:00 AM","Customer Support Admin","customersupportadmin","0","12","0.00000","0.00000","0.00000","0.00000","0.00000","0.00000","0.00000","0.00000","0.00000","0.00000","0.00000","0.00000","0.00000","0.00000","0.00000","0.00000","0.00000","0.00000","0.00000","0.00000","0.00000","0.0000000000","0.0000000000","36","0","0","2","6","6","0","6"
"AAHMAN1V4fH5B","4","","true","","0","460","0","12/5/2022 8:09 AM","12/5/2022 8:11 AM","12/5/2022 8:00 AM","12/5/2022 8:00 AM","Doc6759460","MassEvent - Reverse Auction #267","WS6759452","Reverse Auction","PI384524","Sourcing Project","ariba.sourcing.rfx.SourcingProject","ASM","ASM","ASM","11/29/2022 12:00 AM","11/29/2022 12:00 AM","1/1/1970 12:00 AM","1/1/1970 12:00 AM","11/29/2022 12:00 AM","11/29/2022 12:00 AM","11/29/2022 12:00 AM","11/29/2022 12:00 AM","Customer Support Admin","customersupportadmin","0","12","0.00000","0.00000","0.00000","0.00000","0.00000","0.00000","0.00000","0.00000","0.00000","0.00000","0.00000","0.00000","0.00000","0.00000","0.00000","0.00000","0.00000","0.00000","0.00000","0.00000","0.00000","0.0000000000","0.0000000000","36","0","0","2","6","6","0","6"
"AAHMAN1V4fJIn","4","","true","","0","460","0","12/5/2022 8:09 AM","12/5/2022 8:11 AM","12/5/2022 8:00 AM","12/5/2022 8:00 AM","Doc6756064","MassEvent - Reverse Auction #185","WS6756056","Reverse Auction","PI384524","Sourcing Project","ariba.sourcing.rfx.SourcingProject","ASM","ASM","ASM","11/29/2022 12:00 AM","11/29/2022 12:00 AM","1/1/1970 12:00 AM","1/1/1970 12:00 AM","11/29/2022 12:00 AM","11/29/2022 12:00 AM","11/29/2022 12:00 AM","11/29/2022 12:00 AM","Customer Support Admin","customersupportadmin","0","12","0.00000","0.00000","0.00000","0.00000","0.00000","0.00000","0.00000","0.00000","0.00000","0.00000","0.00000","0.00000","0.00000","0.00000","0.00000","0.00000","0.00000","0.00000","0.00000","0.00000","0.00000","0.0000000000","0.0000000000","36","0","0","2","6","6","0","6"
"AAHMAN1V4fJPX","4","","true","","0","460","0","12/5/2022 8:09 AM","12/5/2022 8:11 AM","12/5/2022 8:00 AM","12/5/2022 8:00 AM","Doc6757661","MassEvent - Reverse Auction #226","WS6757653","Reverse Auction","PI384524","Sourcing Project","ariba.sourcing.rfx.SourcingProject","ASM","ASM","ASM","11/29/2022 12:00 AM","11/29/2022 12:00 AM","1/1/1970 12:00 AM","1/1/1970 12:00 AM","11/29/2022 12:00 AM","11/29/2022 12:00 AM","11/29/2022 12:00 AM","11/29/2022 12:00 AM","Customer Support Admin","customersupportadmin","0","12","0.00000","0.00000","0.00000","0.00000","0.00000","0.00000","0.00000","0.00000","0.00000","0.00000","0.00000","0.00000","0.00000","0.00000","0.00000","0.00000","0.00000","0.00000","0.00000","0.00000","0.00000","0.0000000000","0.0000000000","36","0","0","2","6","6","0","6"
"AAHMAN1V4fJkP","4","","true","","0","460","0","12/5/2022 8:09 AM","12/5/2022 8:11 AM","12/5/2022 8:00 AM","12/5/2022 8:00 AM","Doc6756702","MassEvent - Reverse Auction #199","WS6756694","Reverse Auction","PI384524","Sourcing Project","ariba.sourcing.rfx.SourcingProject","ASM","ASM","ASM","11/29/2022 12:00 AM","11/29/2022 12:00 AM","1/1/1970 12:00 AM","1/1/1970 12:00 AM","11/29/2022 12:00 AM","11/29/2022 12:00 AM","11/29/2022 12:00 AM","11/29/2022 12:00 AM","Customer Support Admin","customersupportadmin","0","12","0.00000","0.00000","0.00000","0.00000","0.00000","0.00000","0.00000","0.00000","0.00000","0.00000","0.00000","0.00000","0.00000","0.00000","0.00000","0.00000","0.00000","0.00000","0.00000","0.00000","0.00000","0.0000000000","0.0000000000","36","0","0","2","6","6","0","6"
"AAHMAN1V4fJ!1","4","","true","","0","460","0","12/5/2022 8:09 AM","12/5/2022 8:11 AM","12/5/2022 8:00 AM","12/5/2022 8:00 AM","Doc6757257","MassEvent - Reverse Auction #214","WS6757249","Reverse Auction","PI384524","Sourcing Project","ariba.sourcing.rfx.SourcingProject","ASM","ASM","ASM","11/29/2022 12:00 AM","11/29/2022 12:00 AM","1/1/1970 12:00 AM","1/1/1970 12:00 AM","11/29/2022 12:00 AM","11/29/2022 12:00 AM","11/29/2022 12:00 AM","11/29/2022 12:00 AM","Customer Support Admin","customersupportadmin","0","12","0.00000","0.00000","0.00000","0.00000","0.00000","0.00000","0.00000","0.00000","0.00000","0.00000","0.00000","0.00000","0.00000","0.00000","0.00000","0.00000","0.00000","0.00000","0.00000","0.00000","0.00000","0.0000000000","0.0000000000","36","0","0","2","6","6","0","6"
"AAHMAN1V4fJQB","4","","true","","0","460","0","12/5/2022 8:09 AM","12/5/2022 8:11 AM","12/5/2022 8:00 AM","12/5/2022 8:00 AM","Doc6756332","MassEvent - Reverse Auction #189","WS6756124","Reverse Auction","PI384524","Sourcing Project","ariba.sourcing.rfx.SourcingProject","ASM","ASM","ASM","11/29/2022 12:00 AM","1/1/1970 12:00 AM","1/1/1970 12:00 AM","1/1/1970 12:00 AM","11/29/2022 12:00 AM","11/29/2022 12:00 AM","11/29/2022 12:00 AM","11/29/2022 12:00 AM","Customer Support Admin","customersupportadmin","0","12","0.00000","0.00000","0.00000","0.00000","0.00000","0.00000","0.00000","0.00000","0.00000","0.00000","0.00000","0.00000","0.00000","0.00000","0.00000","0.00000","0.00000","0.00000","0.00000","0.00000","0.00000","0.0000000000","0.0000000000","4","0","0","2","6","4","0","4"
"AAHMAN1V4fJEy","4","","true","","0","460","0","12/5/2022 8:09 AM","12/5/2022 8:11 AM","12/5/2022 8:00 AM","12/5/2022 8:00 AM","Doc6757393","MassEvent - Reverse Auction #222","WS6757385","Reverse Auction","PI384524","Sourcing Project","ariba.sourcing.rfx.SourcingProject","ASM","ASM","ASM","11/29/2022 12:00 AM","11/29/2022 12:00 AM","1/1/1970 12:00 AM","1/1/1970 12:00 AM","11/29/2022 12:00 AM","11/29/2022 12:00 AM","11/29/2022 12:00 AM","11/29/2022 12:00 AM","Customer Support Admin","customersupportadmin","0","12","0.00000","0.00000","0.00000","0.00000","0.00000","0.00000","0.00000","0.00000","0.00000","0.00000","0.00000","0.00000","0.00000","0.00000","0.00000","0.00000","0.00000","0.00000","0.00000","0.00000","0.00000","0.0000000000","0.0000000000","36","0","0","2","6","6","0","6"
"AAHMAN1V4fIFA","4","","true","","0","460","0","12/5/2022 8:09 AM","12/5/2022 8:11 AM","12/5/2022 8:00 AM","12/5/2022 8:00 AM","Doc6915905","DemoBidLastMinute3","WS6915897","Reverse Auction - Overtime","PI6854406","Sourcing Project","ariba.sourcing.rfx.SourcingProject","ASM","ASM","ASM","12/1/2022 12:00 AM","12/1/2022 12:00 AM","1/1/1970 12:00 AM","1/1/1970 12:00 AM","12/1/2022 12:00 AM","1/1/1970 12:00 AM","12/1/2022 12:00 AM","12/1/2022 12:00 AM","Customer Support Admin","customersupportadmin","0","12","0.00000","0.00000","0.00000","0.00000","0.00000","0.00000","0.00000","0.00000","0.00000","0.00000","0.00000","0.00000","0.00000","0.00000","0.00000","0.00000","0.00000","0.00000","0.00000","0.00000","0.00000","0.0000000000","0.0000000000","2","0","2","0","68","2","0","2"
"AAHMAN1V4fIqh","4","","true","","0","460","0","12/5/2022 8:09 AM","12/5/2022 8:11 AM","12/5/2022 8:00 AM","12/5/2022 8:00 AM","Doc6738020","MassEvent - Reverse Auction #171","WS6738012","Reverse Auction","PI384524","Sourcing Project","ariba.sourcing.rfx.SourcingProject","ASM","ASM","ASM","11/29/2022 12:00 AM","11/29/2022 12:00 AM","1/1/1970 12:00 AM","1/1/1970 12:00 AM","11/29/2022 12:00 AM","11/29/2022 12:00 AM","11/29/2022 12:00 AM","11/29/2022 12:00 AM","Customer Support Admin","customersupportadmin","0","12","0.00000","0.00000","0.00000","0.00000","0.00000","0.00000","0.00000","0.00000","0.00000","0.00000","0.00000","0.00000","0.00000","0.00000","0.00000","0.00000","0.00000","0.00000","0.00000","0.00000","0.00000","0.0000000000","0.0000000000","36","0","0","2","6","6","0","6"
"AAHMAN1V4fKDF","4","","true","","0","460","0","12/5/2022 8:09 AM","12/5/2022 8:11 AM","12/5/2022 8:00 AM","12/5/2022 8:00 AM","Doc6757274","MassEvent - Reverse Auction #215","WS6757266","Reverse Auction","PI384524","Sourcing Project","ariba.sourcing.rfx.SourcingProject","ASM","ASM","ASM","11/29/2022 12:00 AM","11/29/2022 12:00 AM","1/1/1970 12:00 AM","1/1/1970 12:00 AM","11/29/2022 12:00 AM","11/29/2022 12:00 AM","11/29/2022 12:00 AM","11/29/2022 12:00 AM","Customer Support Admin","customersupportadmin","0","12","0.00000","0.00000","0.00000","0.00000","0.00000","0.00000","0.00000","0.00000","0.00000","0.00000","0.00000","0.00000","0.00000","0.00000","0.00000","0.00000","0.00000","0.00000","0.00000","0.00000","0.00000","0.0000000000","0.0000000000","36","0","0","2","6","6","0","6"
"AAHMAN1V4fJzI","4","","true","","0","460","0","12/5/2022 8:09 AM","12/5/2022 8:11 AM","12/5/2022 8:00 AM","12/5/2022 8:00 AM","Doc6758333","MassEvent - Reverse Auction #242","WS6758225","Reverse Auction","PI384524","Sourcing Project","ariba.sourcing.rfx.SourcingProject","ASM","ASM","ASM","11/29/2022 12:00 AM","11/29/2022 12:00 AM","1/1/1970 12:00 AM","1/1/1970 12:00 AM","11/29/2022 12:00 AM","11/29/2022 12:00 AM","11/29/2022 12:00 AM","11/29/2022 12:00 AM","Customer Support Admin","customersupportadmin","0","12","0.00000","0.00000","0.00000","0.00000","0.00000","0.00000","0.00000","0.00000","0.00000","0.00000","0.00000","0.00000","0.00000","0.00000","0.00000","0.00000","0.00000","0.00000","0.00000","0.00000","0.00000","0.0000000000","0.0000000000","36","0","0","2","6","6","0","6"
"AAHMAN1V4fJf8","4","","true","","0","460","0","12/5/2022 8:09 AM","12/5/2022 8:11 AM","12/5/2022 8:00 AM","12/5/2022 8:00 AM","Doc6756651","MassEvent - Reverse Auction #196","WS6756643","Reverse Auction","PI384524","Sourcing Project","ariba.sourcing.rfx.SourcingProject","ASM","ASM","ASM","11/29/2022 12:00 AM","11/29/2022 12:00 AM","1/1/1970 12:00 AM","1/1/1970 12:00 AM","11/29/2022 12:00 AM","11/29/2022 12:00 AM","11/29/2022 12:00 AM","11/29/2022 12:00 AM","Customer Support Admin","customersupportadmin","0","12","0.00000","0.00000","0.00000","0.00000","0.00000","0.00000","0.00000","0.00000","0.00000","0.00000","0.00000","0.00000","0.00000","0.00000","0.00000","0.00000","0.00000","0.00000","0.00000","0.00000","0.00000","0.0000000000","0.0000000000","36","0","0","2","6","6","0","6"
"AAHMAN1V4fIya","4","","true","","0","460","0","12/5/2022 8:09 AM","12/5/2022 8:11 AM","12/5/2022 8:00 AM","12/5/2022 8:00 AM","Doc6755511","MassEvent - Reverse Auction #176","WS6755503","Reverse Auction","PI384524","Sourcing Project","ariba.sourcing.rfx.SourcingProject","ASM","ASM","ASM","11/29/2022 12:00 AM","11/29/2022 12:00 AM","1/1/1970 12:00 AM","1/1/1970 12:00 AM","11/29/2022 12:00 AM","11/29/2022 12:00 AM","11/29/2022 12:00 AM","11/29/2022 12:00 AM","Customer Support Admin","customersupportadmin","0","12","0.00000","0.00000","0.00000","0.00000","0.00000","0.00000","0.00000","0.00000","0.00000","0.00000","0.00000","0.00000","0.00000","0.00000","0.00000","0.00000","0.00000","0.00000","0.00000","0.00000","0.00000","0.0000000000","0.0000000000","36","0","0","2","6","6","0","6"
"AAHMAN1V4fJYS","4","","true","","0","460","0","12/5/2022 8:09 AM","12/5/2022 8:11 AM","12/5/2022 8:00 AM","12/5/2022 8:00 AM","Doc6757712","MassEvent - Reverse Auction #229","WS6757704","Reverse Auction","PI384524","Sourcing Project","ariba.sourcing.rfx.SourcingProject","ASM","ASM","ASM","11/29/2022 12:00 AM","11/29/2022 12:00 AM","1/1/1970 12:00 AM","1/1/1970 12:00 AM","11/29/2022 12:00 AM","11/29/2022 12:00 AM","11/29/2022 12:00 AM","11/29/2022 12:00 AM","Customer Support Admin","customersupportadmin","0","12","0.00000","0.00000","0.00000","0.00000","0.00000","0.00000","0.00000","0.00000","0.00000","0.00000","0.00000","0.00000","0.00000","0.00000","0.00000","0.00000","0.00000","0.00000","0.00000","0.00000","0.00000","0.0000000000","0.0000000000","36","0","0","2","6","6","0","6"
"AAHMAN1V4fJJ3","4","","true","","0","460","0","12/5/2022 8:09 AM","12/5/2022 8:11 AM","12/5/2022 8:00 AM","12/5/2022 8:00 AM","Doc6756081","MassEvent - Reverse Auction #186","WS6756073","Reverse Auction","PI384524","Sourcing Project","ariba.sourcing.rfx.SourcingProject","ASM","ASM","ASM","11/29/2022 12:00 AM","11/29/2022 12:00 AM","1/1/1970 12:00 AM","1/1/1970 12:00 AM","11/29/2022 12:00 AM","11/29/2022 12:00 AM","11/29/2022 12:00 AM","11/29/2022 12:00 AM","Customer Support Admin","customersupportadmin","0","12","0.00000","0.00000","0.00000","0.00000","0.00000","0.00000","0.00000","0.00000","0.00000","0.00000","0.00000","0.00000","0.00000","0.00000","0.00000","0.00000","0.00000","0.00000","0.00000","0.00000","0.00000","0.0000000000","0.0000000000","36","0","0","2","6","6","0","6"
"AAHMAN1V4fIup","4","","true","","0","460","0","12/5/2022 8:09 AM","12/5/2022 8:11 AM","12/5/2022 8:00 AM","12/5/2022 8:00 AM","Doc6755460","MassEvent - Reverse Auction #173","WS6755452","Reverse Auction","PI384524","Sourcing Project","ariba.sourcing.rfx.SourcingProject","ASM","ASM","ASM","11/29/2022 12:00 AM","11/29/2022 12:00 AM","1/1/1970 12:00 AM","1/1/1970 12:00 AM","11/29/2022 12:00 AM","11/29/2022 12:00 AM","11/29/2022 12:00 AM","11/29/2022 12:00 AM","Customer Support Admin","customersupportadmin","0","12","0.00000","0.00000","0.00000","0.00000","0.00000","0.00000","0.00000","0.00000","0.00000","0.00000","0.00000","0.00000","0.00000","0.00000","0.00000","0.00000","0.00000","0.00000","0.00000","0.00000","0.00000","0.0000000000","0.0000000000","36","0","0","2","6","6","0","6"
"AAHMAN1V4fKR!","4","","true","","0","460","0","12/5/2022 8:09 AM","12/5/2022 8:11 AM","12/5/2022 8:00 AM","12/5/2022 8:00 AM","Doc6759374","MassEvent - Reverse Auction #262","WS6759366","Reverse Auction","PI384524","Sourcing Project","ariba.sourcing.rfx.SourcingProject","ASM","ASM","ASM","11/29/2022 12:00 AM","11/29/2022 12:00 AM","1/1/1970 12:00 AM","1/1/1970 12:00 AM","11/29/2022 12:00 AM","11/29/2022 12:00 AM","11/29/2022 12:00 AM","11/29/2022 12:00 AM","Customer Support Admin","customersupportadmin","0","12","0.00000","0.00000","0.00000","0.00000","0.00000","0.00000","0.00000","0.00000","0.00000","0.00000","0.00000","0.00000","0.00000","0.00000","0.00000","0.00000","0.00000","0.00000","0.00000","0.00000","0.00000","0.0000000000","0.0000000000","36","0","0","2","6","6","0","6"
"AAHMAN1V4fKDk","4","","true","","0","460","0","12/5/2022 8:09 AM","12/5/2022 8:11 AM","12/5/2022 8:00 AM","12/5/2022 8:00 AM","Doc6758786","MassEvent - Reverse Auction #251","WS6758778","Reverse Auction","PI384524","Sourcing Project","ariba.sourcing.rfx.SourcingProject","ASM","ASM","ASM","11/29/2022 12:00 AM","11/29/2022 12:00 AM","1/1/1970 12:00 AM","1/1/1970 12:00 AM","11/29/2022 12:00 AM","11/29/2022 12:00 AM","11/29/2022 12:00 AM","11/29/2022 12:00 AM","Customer Support Admin","customersupportadmin","0","12","0.00000","0.00000","0.00000","0.00000","0.00000","0.00000","0.00000","0.00000","0.00000","0.00000","0.00000","0.00000","0.00000","0.00000","0.00000","0.00000","0.00000","0.00000","0.00000","0.00000","0.00000","0.0000000000","0.0000000000","36","0","0","2","6","6","0","6"
"AAHMAN1V4fI+W","4","","true","","0","460","0","12/5/2022 8:09 AM","12/5/2022 8:11 AM","12/5/2022 8:00 AM","12/5/2022 8:00 AM","Doc6757325","MassEvent - Reverse Auction #218","WS6757317","Reverse Auction","PI384524","Sourcing Project","ariba.sourcing.rfx.SourcingProject","ASM","ASM","ASM","11/29/2022 12:00 AM","11/29/2022 12:00 AM","1/1/1970 12:00 AM","1/1/1970 12:00 AM","11/29/2022 12:00 AM","11/29/2022 12:00 AM","11/29/2022 12:00 AM","11/29/2022 12:00 AM","Customer Support Admin","customersupportadmin","0","12","0.00000","0.00000","0.00000","0.00000","0.00000","0.00000","0.00000","0.00000","0.00000","0.00000","0.00000","0.00000","0.00000","0.00000","0.00000","0.00000","0.00000","0.00000","0.00000","0.00000","0.00000","0.0000000000","0.0000000000","36","0","0","2","6","6","0","6"
"AAHMAN1V4fIor","4","","true","","0","460","0","12/5/2022 8:09 AM","12/5/2022 8:11 AM","12/5/2022 8:00 AM","12/5/2022 8:00 AM","Doc6738005","MassEvent - Reverse Auction #170","WS6737997","Reverse Auction","PI384524","Sourcing Project","ariba.sourcing.rfx.SourcingProject","ASM","ASM","ASM","11/29/2022 12:00 AM","11/29/2022 12:00 AM","1/1/1970 12:00 AM","1/1/1970 12:00 AM","11/29/2022 12:00 AM","11/29/2022 12:00 AM","11/29/2022 12:00 AM","11/29/2022 12:00 AM","Customer Support Admin","customersupportadmin","0","12","0.00000","0.00000","0.00000","0.00000","0.00000","0.00000","0.00000","0.00000","0.00000","0.00000","0.00000","0.00000","0.00000","0.00000","0.00000","0.00000","0.00000","0.00000","0.00000","0.00000","0.00000","0.0000000000","0.0000000000","36","0","0","2","6","6","0","6"
"AAHMAN1V4fJwy","3","","true","","0","460","0","12/5/2022 8:09 AM","12/5/2022 8:11 AM","12/5/2022 8:00 AM","12/5/2022 8:00 AM","Doc6756804","MassEvent - Reverse Auction #205","WS6756796","Reverse Auction","PI384524","Sourcing Project","ariba.sourcing.rfx.SourcingProject","ASM","ASM","ASM","11/29/2022 12:00 AM","1/1/1970 12:00 AM","1/1/1970 12:00 AM","1/1/1970 12:00 AM","11/29/2022 12:00 AM","11/29/2022 12:00 AM","11/29/2022 12:00 AM","11/29/2022 12:00 AM","Customer Support Admin","customersupportadmin","0","12","0.00000","0.00000","0.00000","0.00000","0.00000","0.00000","0.00000","0.00000","0.00000","0.00000","0.00000","0.00000","0.00000","0.00000","0.00000","0.00000","0.00000","0.00000","0.00000","0.00000","0.00000","0.0000000000","0.0000000000","0","0","0","2","6","0","0","0"
"AAHMAN1V4fKIt","4","","true","","0","460","0","12/5/2022 8:09 AM","12/5/2022 8:11 AM","12/5/2022 8:00 AM","12/5/2022 8:00 AM","Doc6759054","MassEvent - Reverse Auction #255","WS6759046","Reverse Auction","PI384524","Sourcing Project","ariba.sourcing.rfx.SourcingProject","ASM","ASM","ASM","11/29/2022 12:00 AM","11/29/2022 12:00 AM","1/1/1970 12:00 AM","1/1/1970 12:00 AM","11/29/2022 12:00 AM","11/29/2022 12:00 AM","11/29/2022 12:00 AM","11/29/2022 12:00 AM","Customer Support Admin","customersupportadmin","0","12","0.00000","0.00000","0.00000","0.00000","0.00000","0.00000","0.00000","0.00000","0.00000","0.00000","0.00000","0.00000","0.00000","0.00000","0.00000","0.00000","0.00000","0.00000","0.00000","0.00000","0.00000","0.0000000000","0.0000000000","36","0","0","2","6","6","0","6"
"AAHMAN1V4fINA","3","","true","","0","460","0","12/5/2022 8:09 AM","12/5/2022 8:11 AM","12/5/2022 8:00 AM","12/5/2022 8:00 AM","Doc975248","LargeSuppliersOnEvent_StandardEvent_01","WS975239","Request for Proposal With Alternative Bid","PI975340","Sourcing Project","ariba.sourcing.rfx.SourcingProject","ASM","ASM","ASM","9/25/2020 12:00 AM","1/1/1970 12:00 AM","1/1/1970 12:00 AM","1/1/1970 12:00 AM","9/25/2020 12:00 AM","9/25/2020 12:00 AM","9/28/2020 12:00 AM","9/30/2040 12:00 AM","Customer Support Admin","customersupportadmin","0","12","0.00000","0.00000","0.00000","0.00000","0.00000","0.00000","0.00000","0.00000","0.00000","0.00000","0.00000","0.00000","0.00000","0.00000","0.00000","0.00000","0.00000","0.00000","0.00000","0.00000","0.00000","0.0000000000","0.0000000000","0","0","0","0","700","0","0","0"
"AAHMAN1V4fJth","4","","true","","0","460","0","12/5/2022 8:09 AM","12/5/2022 8:11 AM","12/5/2022 8:00 AM","12/5/2022 8:00 AM","Doc6756770","MassEvent - Reverse Auction #203","WS6756762","Reverse Auction","PI384524","Sourcing Project","ariba.sourcing.rfx.SourcingProject","ASM","ASM","ASM","11/29/2022 12:00 AM","11/29/2022 12:00 AM","1/1/1970 12:00 AM","1/1/1970 12:00 AM","11/29/2022 12:00 AM","11/29/2022 12:00 AM","11/29/2022 12:00 AM","11/29/2022 12:00 AM","Customer Support Admin","customersupportadmin","0","12","0.00000","0.00000","0.00000","0.00000","0.00000","0.00000","0.00000","0.00000","0.00000","0.00000","0.00000","0.00000","0.00000","0.00000","0.00000","0.00000","0.00000","0.00000","0.00000","0.00000","0.00000","0.0000000000","0.0000000000","36","0","0","2","6","6","0","6"
"AAHMAN1V4fJvZ","4","","true","","0","460","0","12/5/2022 8:09 AM","12/5/2022 8:11 AM","12/5/2022 8:00 AM","12/5/2022 8:00 AM","Doc6758199","MassEvent - Reverse Auction #240","WS6758191","Reverse Auction","PI384524","Sourcing Project","ariba.sourcing.rfx.SourcingProject","ASM","ASM","ASM","11/29/2022 12:00 AM","11/29/2022 12:00 AM","1/1/1970 12:00 AM","1/1/1970 12:00 AM","11/29/2022 12:00 AM","11/29/2022 12:00 AM","11/29/2022 12:00 AM","11/29/2022 12:00 AM","Customer Support Admin","customersupportadmin","0","12","0.00000","0.00000","0.00000","0.00000","0.00000","0.00000","0.00000","0.00000","0.00000","0.00000","0.00000","0.00000","0.00000","0.00000","0.00000","0.00000","0.00000","0.00000","0.00000","0.00000","0.00000","0.0000000000","0.0000000000","36","0","0","2","6","6","0","6"
"AAHMAN1V4fJqI","4","","true","","0","460","0","12/5/2022 8:09 AM","12/5/2022 8:11 AM","12/5/2022 8:00 AM","12/5/2022 8:00 AM","Doc6758148","MassEvent - Reverse Auction #237","WS6758140","Reverse Auction","PI384524","Sourcing Project","ariba.sourcing.rfx.SourcingProject","ASM","ASM","ASM","11/29/2022 12:00 AM","11/29/2022 12:00 AM","1/1/1970 12:00 AM","1/1/1970 12:00 AM","11/29/2022 12:00 AM","11/29/2022 12:00 AM","11/29/2022 12:00 AM","11/29/2022 12:00 AM","Customer Support Admin","customersupportadmin","0","12","0.00000","0.00000","0.00000","0.00000","0.00000","0.00000","0.00000","0.00000","0.00000","0.00000","0.00000","0.00000","0.00000","0.00000","0.00000","0.00000","0.00000","0.00000","0.00000","0.00000","0.00000","0.0000000000","0.0000000000","36","0","0","2","6","6","0","6"
"AAHMAN1V4fI7s","4","","true","","0","460","0","12/5/2022 8:09 AM","12/5/2022 8:11 AM","12/5/2022 8:00 AM","12/5/2022 8:00 AM","Doc6755813","MassEvent - Reverse Auction #182","WS6755805","Reverse Auction","PI384524","Sourcing Project","ariba.sourcing.rfx.SourcingProject","ASM","ASM","ASM","11/29/2022 12:00 AM","11/29/2022 12:00 AM","1/1/1970 12:00 AM","1/1/1970 12:00 AM","11/29/2022 12:00 AM","11/29/2022 12:00 AM","11/29/2022 12:00 AM","11/29/2022 12:00 AM","Customer Support Admin","customersupportadmin","0","12","0.00000","0.00000","0.00000","0.00000","0.00000","0.00000","0.00000","0.00000","0.00000","0.00000","0.00000","0.00000","0.00000","0.00000","0.00000","0.00000","0.00000","0.00000","0.00000","0.00000","0.00000","0.0000000000","0.0000000000","36","0","0","2","6","6","0","6"
"AAHMAN1V4fJhX","4","","true","","0","460","0","12/5/2022 8:09 AM","12/5/2022 8:11 AM","12/5/2022 8:00 AM","12/5/2022 8:00 AM","Doc6756668","MassEvent - Reverse Auction #197","WS6756660","Reverse Auction","PI384524","Sourcing Project","ariba.sourcing.rfx.SourcingProject","ASM","ASM","ASM","11/29/2022 12:00 AM","11/29/2022 12:00 AM","1/1/1970 12:00 AM","1/1/1970 12:00 AM","11/29/2022 12:00 AM","11/29/2022 12:00 AM","11/29/2022 12:00 AM","11/29/2022 12:00 AM","Customer Support Admin","customersupportadmin","0","12","0.00000","0.00000","0.00000","0.00000","0.00000","0.00000","0.00000","0.00000","0.00000","0.00000","0.00000","0.00000","0.00000","0.00000","0.00000","0.00000","0.00000","0.00000","0.00000","0.00000","0.00000","0.0000000000","0.0000000000","36","0","0","2","6","6","0","6"
"AAHMAN1V4fJ7!","4","","true","","0","460","0","12/5/2022 8:09 AM","12/5/2022 8:11 AM","12/5/2022 8:00 AM","12/5/2022 8:00 AM","Doc6757106","MassEvent - Reverse Auction #211","WS6757098","Reverse Auction","PI384524","Sourcing Project","ariba.sourcing.rfx.SourcingProject","ASM","ASM","ASM","11/29/2022 12:00 AM","11/29/2022 12:00 AM","1/1/1970 12:00 AM","1/1/1970 12:00 AM","11/29/2022 12:00 AM","11/29/2022 12:00 AM","11/29/2022 12:00 AM","11/29/2022 12:00 AM","Customer Support Admin","customersupportadmin","0","12","0.00000","0.00000","0.00000","0.00000","0.00000","0.00000","0.00000","0.00000","0.00000","0.00000","0.00000","0.00000","0.00000","0.00000","0.00000","0.00000","0.00000","0.00000","0.00000","0.00000","0.00000","0.0000000000","0.0000000000","36","0","0","2","6","6","0","6"
"AAHMAN1V4fJVL","4","","true","","0","460","0","12/5/2022 8:09 AM","12/5/2022 8:11 AM","12/5/2022 8:00 AM","12/5/2022 8:00 AM","Doc6757695","MassEvent - Reverse Auction #228","WS6757687","Reverse Auction","PI384524","Sourcing Project","ariba.sourcing.rfx.SourcingProject","ASM","ASM","ASM","11/29/2022 12:00 AM","1/1/1970 12:00 AM","1/1/1970 12:00 AM","1/1/1970 12:00 AM","11/29/2022 12:00 AM","11/29/2022 12:00 AM","11/29/2022 12:00 AM","11/29/2022 12:00 AM","Customer Support Admin","customersupportadmin","0","12","0.00000","0.00000","0.00000","0.00000","0.00000","0.00000","0.00000","0.00000","0.00000","0.00000","0.00000","0.00000","0.00000","0.00000","0.00000","0.00000","0.00000","0.00000","0.00000","0.00000","0.00000","0.0000000000","0.0000000000","1","0","0","2","6","2","0","1"
"AAHMAN1V4fJNM","4","","true","","0","460","0","12/5/2022 8:09 AM","12/5/2022 8:11 AM","12/5/2022 8:00 AM","12/5/2022 8:00 AM","Doc6757644","MassEvent - Reverse Auction #225","WS6757636","Reverse Auction","PI384524","Sourcing Project","ariba.sourcing.rfx.SourcingProject","ASM","ASM","ASM","11/29/2022 12:00 AM","11/29/2022 12:00 AM","1/1/1970 12:00 AM","1/1/1970 12:00 AM","11/29/2022 12:00 AM","11/29/2022 12:00 AM","11/29/2022 12:00 AM","11/29/2022 12:00 AM","Customer Support Admin","customersupportadmin","0","12","0.00000","0.00000","0.00000","0.00000","0.00000","0.00000","0.00000","0.00000","0.00000","0.00000","0.00000","0.00000","0.00000","0.00000","0.00000","0.00000","0.00000","0.00000","0.00000","0.00000","0.00000","0.0000000000","0.0000000000","36","0","0","2","6","6","0","6"
"AAHMAN1V4fJib","4","","true","","0","460","0","12/5/2022 8:09 AM","12/5/2022 8:11 AM","12/5/2022 8:00 AM","12/5/2022 8:00 AM","Doc6757897","MassEvent - Reverse Auction #234","WS6757889","Reverse Auction","PI384524","Sourcing Project","ariba.sourcing.rfx.SourcingProject","ASM","ASM","ASM","11/29/2022 12:00 AM","11/29/2022 12:00 AM","1/1/1970 12:00 AM","1/1/1970 12:00 AM","11/29/2022 12:00 AM","11/29/2022 12:00 AM","11/29/2022 12:00 AM","11/29/2022 12:00 AM","Customer Support Admin","customersupportadmin","0","12","0.00000","0.00000","0.00000","0.00000","0.00000","0.00000","0.00000","0.00000","0.00000","0.00000","0.00000","0.00000","0.00000","0.00000","0.00000","0.00000","0.00000","0.00000","0.00000","0.00000","0.00000","0.0000000000","0.0000000000","36","0","0","2","6","6","0","6"
"AAHMAN1V4fJ4v","4","","true","","0","460","0","12/5/2022 8:09 AM","12/5/2022 8:11 AM","12/5/2022 8:00 AM","12/5/2022 8:00 AM","Doc6757072","MassEvent - Reverse Auction #209","WS6757064","Reverse Auction","PI384524","Sourcing Project","ariba.sourcing.rfx.SourcingProject","ASM","ASM","ASM","11/29/2022 12:00 AM","11/29/2022 12:00 AM","1/1/1970 12:00 AM","1/1/1970 12:00 AM","11/29/2022 12:00 AM","11/29/2022 12:00 AM","11/29/2022 12:00 AM","11/29/2022 12:00 AM","Customer Support Admin","customersupportadmin","0","12","0.00000","0.00000","0.00000","0.00000","0.00000","0.00000","0.00000","0.00000","0.00000","0.00000","0.00000","0.00000","0.00000","0.00000","0.00000","0.00000","0.00000","0.00000","0.00000","0.00000","0.00000","0.0000000000","0.0000000000","36","0","0","2","6","6","0","6"
"AAHMAN1V4fJ7G","4","","true","","0","460","0","12/5/2022 8:09 AM","12/5/2022 8:11 AM","12/5/2022 8:00 AM","12/5/2022 8:00 AM","Doc6758401","MassEvent - Reverse Auction #246","WS6758393","Reverse Auction","PI384524","Sourcing Project","ariba.sourcing.rfx.SourcingProject","ASM","ASM","ASM","11/29/2022 12:00 AM","11/29/2022 12:00 AM","1/1/1970 12:00 AM","1/1/1970 12:00 AM","11/29/2022 12:00 AM","11/29/2022 12:00 AM","11/29/2022 12:00 AM","11/29/2022 12:00 AM","Customer Support Admin","customersupportadmin","0","12","0.00000","0.00000","0.00000","0.00000","0.00000","0.00000","0.00000","0.00000","0.00000","0.00000","0.00000","0.00000","0.00000","0.00000","0.00000","0.00000","0.00000","0.00000","0.00000","0.00000","0.00000","0.0000000000","0.0000000000","36","0","0","2","6","6","0","6"
"AAHMAN1V4fJbx","4","","true","","0","460","0","12/5/2022 8:09 AM","12/5/2022 8:11 AM","12/5/2022 8:00 AM","12/5/2022 8:00 AM","Doc6757846","MassEvent - Reverse Auction #231","WS6757838","Reverse Auction","PI384524","Sourcing Project","ariba.sourcing.rfx.SourcingProject","ASM","ASM","ASM","11/29/2022 12:00 AM","11/29/2022 12:00 AM","1/1/1970 12:00 AM","1/1/1970 12:00 AM","11/29/2022 12:00 AM","11/29/2022 12:00 AM","11/29/2022 12:00 AM","11/29/2022 12:00 AM","Customer Support Admin","customersupportadmin","0","12","0.00000","0.00000","0.00000","0.00000","0.00000","0.00000","0.00000","0.00000","0.00000","0.00000","0.00000","0.00000","0.00000","0.00000","0.00000","0.00000","0.00000","0.00000","0.00000","0.00000","0.00000","0.0000000000","0.0000000000","36","0","0","2","6","6","0","6"
"AAHMAN1V4fJXH","3","","true","","0","460","0","12/5/2022 8:09 AM","12/5/2022 8:11 AM","12/5/2022 8:00 AM","12/5/2022 8:00 AM","Doc6756400","MassEvent - Reverse Auction #193","WS6756392","Reverse Auction","PI384524","Sourcing Project","ariba.sourcing.rfx.SourcingProject","ASM","ASM","ASM","11/29/2022 12:00 AM","1/1/1970 12:00 AM","1/1/1970 12:00 AM","1/1/1970 12:00 AM","11/29/2022 12:00 AM","11/29/2022 12:00 AM","11/29/2022 12:00 AM","11/29/2022 12:00 AM","Customer Support Admin","customersupportadmin","0","12","0.00000","0.00000","0.00000","0.00000","0.00000","0.00000","0.00000","0.00000","0.00000","0.00000","0.00000","0.00000","0.00000","0.00000","0.00000","0.00000","0.00000","0.00000","0.00000","0.00000","0.00000","0.0000000000","0.0000000000","0","0","0","2","6","0","0","0"
"AAHMAN1V4fIAC","4","","true","","0","460","0","12/5/2022 8:09 AM","12/5/2022 8:11 AM","12/5/2022 8:00 AM","12/5/2022 8:00 AM","Doc6853112","Ml2","WS6853104","Reverse Auction","PI384524","Sourcing Project","ariba.sourcing.rfx.SourcingProject","ASM","ASM","ASM","12/1/2022 12:00 AM","12/1/2022 12:00 AM","1/1/1970 12:00 AM","1/1/1970 12:00 AM","12/1/2022 12:00 AM","12/1/2022 12:00 AM","12/1/2022 12:00 AM","12/1/2022 12:00 AM","Customer Support Admin","customersupportadmin","0","12","0.00000","0.00000","0.00000","0.00000","0.00000","0.00000","0.00000","0.00000","0.00000","0.00000","0.00000","0.00000","0.00000","0.00000","0.00000","0.00000","0.00000","0.00000","0.00000","0.00000","0.00000","0.0000000000","0.0000000000","4","0","4","0","50","8","0","3"
"AAHMAN1V4fJHe","4","","true","","0","460","0","12/5/2022 8:09 AM","12/5/2022 8:11 AM","12/5/2022 8:00 AM","12/5/2022 8:00 AM","Doc6757410","MassEvent - Reverse Auction #223","WS6757402","Reverse Auction","PI384524","Sourcing Project","ariba.sourcing.rfx.SourcingProject","ASM","ASM","ASM","11/29/2022 12:00 AM","11/29/2022 12:00 AM","1/1/1970 12:00 AM","1/1/1970 12:00 AM","11/29/2022 12:00 AM","11/29/2022 12:00 AM","11/29/2022 12:00 AM","11/29/2022 12:00 AM","Customer Support Admin","customersupportadmin","0","12","0.00000","0.00000","0.00000","0.00000","0.00000","0.00000","0.00000","0.00000","0.00000","0.00000","0.00000","0.00000","0.00000","0.00000","0.00000","0.00000","0.00000","0.00000","0.00000","0.00000","0.00000","0.0000000000","0.0000000000","36","0","0","2","6","6","0","6"
"AAHMAN1V4fH+I","4","","true","","0","460","0","12/5/2022 8:09 AM","12/5/2022 8:11 AM","12/5/2022 8:00 AM","12/5/2022 8:00 AM","Doc6853094","Ml1","WS6853086","Reverse Auction","PI384524","Sourcing Project","ariba.sourcing.rfx.SourcingProject","ASM","ASM","ASM","12/1/2022 12:00 AM","12/1/2022 12:00 AM","1/1/1970 12:00 AM","1/1/1970 12:00 AM","12/1/2022 12:00 AM","12/1/2022 12:00 AM","12/1/2022 12:00 AM","12/1/2022 12:00 AM","Customer Support Admin","customersupportadmin","0","12","0.00000","0.00000","0.00000","0.00000","0.00000","0.00000","0.00000","0.00000","0.00000","0.00000","0.00000","0.00000","0.00000","0.00000","0.00000","0.00000","0.00000","0.00000","0.00000","0.00000","0.00000","0.0000000000","0.0000000000","4","0","4","0","33","13","0","2"
"AAHMAN1V4fJ98","4","","true","","0","460","0","12/5/2022 8:09 AM","12/5/2022 8:11 AM","12/5/2022 8:00 AM","12/5/2022 8:00 AM","Doc6758735","MassEvent - Reverse Auction #248","WS6758727","Reverse Auction","PI384524","Sourcing Project","ariba.sourcing.rfx.SourcingProject","ASM","ASM","ASM","11/29/2022 12:00 AM","11/29/2022 12:00 AM","1/1/1970 12:00 AM","1/1/1970 12:00 AM","11/29/2022 12:00 AM","11/29/2022 12:00 AM","11/29/2022 12:00 AM","11/29/2022 12:00 AM","Customer Support Admin","customersupportadmin","0","12","0.00000","0.00000","0.00000","0.00000","0.00000","0.00000","0.00000","0.00000","0.00000","0.00000","0.00000","0.00000","0.00000","0.00000","0.00000","0.00000","0.00000","0.00000","0.00000","0.00000","0.00000","0.0000000000","0.0000000000","36","0","0","2","6","6","0","6"
"AAHMAN1V4fI6k","4","","true","","0","460","0","12/5/2022 8:09 AM","12/5/2022 8:11 AM","12/5/2022 8:00 AM","12/5/2022 8:00 AM","Doc6757308","MassEvent - Reverse Auction #217","WS6757300","Reverse Auction","PI384524","Sourcing Project","ariba.sourcing.rfx.SourcingProject","ASM","ASM","ASM","11/29/2022 12:00 AM","11/29/2022 12:00 AM","1/1/1970 12:00 AM","1/1/1970 12:00 AM","11/29/2022 12:00 AM","11/29/2022 12:00 AM","11/29/2022 12:00 AM","11/29/2022 12:00 AM","Customer Support Admin","customersupportadmin","0","12","0.00000","0.00000","0.00000","0.00000","0.00000","0.00000","0.00000","0.00000","0.00000","0.00000","0.00000","0.00000","0.00000","0.00000","0.00000","0.00000","0.00000","0.00000","0.00000","0.00000","0.00000","0.0000000000","0.0000000000","36","0","0","2","6","6","0","6"
"AAHMAN1V4fIgA","4","","true","","0","460","0","12/5/2022 8:09 AM","12/5/2022 8:11 AM","12/5/2022 8:00 AM","12/5/2022 8:00 AM","Doc6737975","MassEvent","WS6737967","Reverse Auction","PI384524","Sourcing Project","ariba.sourcing.rfx.SourcingProject","ASM","ASM","ASM","11/29/2022 12:00 AM","11/29/2022 12:00 AM","1/1/1970 12:00 AM","1/1/1970 12:00 AM","11/29/2022 12:00 AM","11/29/2022 12:00 AM","11/29/2022 12:00 AM","11/29/2022 12:00 AM","Customer Support Admin","customersupportadmin","0","12","0.00000","0.00000","0.00000","0.00000","0.00000","0.00000","0.00000","0.00000","0.00000","0.00000","0.00000","0.00000","0.00000","0.00000","0.00000","0.00000","0.00000","0.00000","0.00000","0.00000","0.00000","0.0000000000","0.0000000000","36","0","0","2","6","6","0","6"
"AAHMAN1V4fKVS","4","","true","","0","460","0","12/5/2022 8:09 AM","12/5/2022 8:11 AM","12/5/2022 8:00 AM","12/5/2022 8:00 AM","Doc6759443","MassEvent - Reverse Auction #266","WS6759435","Reverse Auction","PI384524","Sourcing Project","ariba.sourcing.rfx.SourcingProject","ASM","ASM","ASM","11/29/2022 12:00 AM","11/29/2022 12:00 AM","1/1/1970 12:00 AM","1/1/1970 12:00 AM","11/29/2022 12:00 AM","11/29/2022 12:00 AM","11/29/2022 12:00 AM","11/29/2022 12:00 AM","Customer Support Admin","customersupportadmin","0","12","0.00000","0.00000","0.00000","0.00000","0.00000","0.00000","0.00000","0.00000","0.00000","0.00000","0.00000","0.00000","0.00000","0.00000","0.00000","0.00000","0.00000","0.00000","0.00000","0.00000","0.00000","0.0000000000","0.0000000000","36","0","0","2","6","6","0","6"
"AAHMAN1V4fI9i","4","","true","","0","460","0","12/5/2022 8:09 AM","12/5/2022 8:11 AM","12/5/2022 8:00 AM","12/5/2022 8:00 AM","Doc6756030","MassEvent - Reverse Auction #183","WS6755822","Reverse Auction","PI384524","Sourcing Project","ariba.sourcing.rfx.SourcingProject","ASM","ASM","ASM","11/29/2022 12:00 AM","11/29/2022 12:00 AM","1/1/1970 12:00 AM","1/1/1970 12:00 AM","11/29/2022 12:00 AM","11/29/2022 12:00 AM","11/29/2022 12:00 AM","11/29/2022 12:00 AM","Customer Support Admin","customersupportadmin","0","12","0.00000","0.00000","0.00000","0.00000","0.00000","0.00000","0.00000","0.00000","0.00000","0.00000","0.00000","0.00000","0.00000","0.00000","0.00000","0.00000","0.00000","0.00000","0.00000","0.00000","0.00000","0.0000000000","0.0000000000","36","0","0","2","6","6","0","6"
"AAHMAN1V4fJ9P","4","","true","","0","460","0","12/5/2022 8:09 AM","12/5/2022 8:11 AM","12/5/2022 8:00 AM","12/5/2022 8:00 AM","Doc6757123","MassEvent - Reverse Auction #212","WS6757115","Reverse Auction","PI384524","Sourcing Project","ariba.sourcing.rfx.SourcingProject","ASM","ASM","ASM","11/29/2022 12:00 AM","11/29/2022 12:00 AM","1/1/1970 12:00 AM","1/1/1970 12:00 AM","11/29/2022 12:00 AM","11/29/2022 12:00 AM","11/29/2022 12:00 AM","11/29/2022 12:00 AM","Customer Support Admin","customersupportadmin","0","12","0.00000","0.00000","0.00000","0.00000","0.00000","0.00000","0.00000","0.00000","0.00000","0.00000","0.00000","0.00000","0.00000","0.00000","0.00000","0.00000","0.00000","0.00000","0.00000","0.00000","0.00000","0.0000000000","0.0000000000","36","0","0","2","6","6","0","6"
"AAHMAN1V4fJLZ","4","","true","","0","460","0","12/5/2022 8:09 AM","12/5/2022 8:11 AM","12/5/2022 8:00 AM","12/5/2022 8:00 AM","Doc6757627","MassEvent - Reverse Auction #224","WS6757419","Reverse Auction","PI384524","Sourcing Project","ariba.sourcing.rfx.SourcingProject","ASM","ASM","ASM","11/29/2022 12:00 AM","11/29/2022 12:00 AM","1/1/1970 12:00 AM","1/1/1970 12:00 AM","11/29/2022 12:00 AM","11/29/2022 12:00 AM","11/29/2022 12:00 AM","11/29/2022 12:00 AM","Customer Support Admin","customersupportadmin","0","12","0.00000","0.00000","0.00000","0.00000","0.00000","0.00000","0.00000","0.00000","0.00000","0.00000","0.00000","0.00000","0.00000","0.00000","0.00000","0.00000","0.00000","0.00000","0.00000","0.00000","0.00000","0.0000000000","0.0000000000","36","0","0","2","6","6","0","6"
"AAHMAN1V4fJDj","4","","true","","0","460","0","12/5/2022 8:09 AM","12/5/2022 8:11 AM","12/5/2022 8:00 AM","12/5/2022 8:00 AM","Doc6757376","MassEvent - Reverse Auction #221","WS6757368","Reverse Auction","PI384524","Sourcing Project","ariba.sourcing.rfx.SourcingProject","ASM","ASM","ASM","11/29/2022 12:00 AM","11/29/2022 12:00 AM","1/1/1970 12:00 AM","1/1/1970 12:00 AM","11/29/2022 12:00 AM","11/29/2022 12:00 AM","11/29/2022 12:00 AM","11/29/2022 12:00 AM","Customer Support Admin","customersupportadmin","0","12","0.00000","0.00000","0.00000","0.00000","0.00000","0.00000","0.00000","0.00000","0.00000","0.00000","0.00000","0.00000","0.00000","0.00000","0.00000","0.00000","0.00000","0.00000","0.00000","0.00000","0.00000","0.0000000000","0.0000000000","36","0","0","2","6","6","0","6"
"AAHMAN1V4fKEh","4","","true","","0","460","0","12/5/2022 8:09 AM","12/5/2022 8:11 AM","12/5/2022 8:00 AM","12/5/2022 8:00 AM","Doc6757291","MassEvent - Reverse Auction #216","WS6757283","Reverse Auction","PI384524","Sourcing Project","ariba.sourcing.rfx.SourcingProject","ASM","ASM","ASM","11/29/2022 12:00 AM","11/29/2022 12:00 AM","1/1/1970 12:00 AM","1/1/1970 12:00 AM","11/29/2022 12:00 AM","11/29/2022 12:00 AM","11/29/2022 12:00 AM","11/29/2022 12:00 AM","Customer Support Admin","customersupportadmin","0","12","0.00000","0.00000","0.00000","0.00000","0.00000","0.00000","0.00000","0.00000","0.00000","0.00000","0.00000","0.00000","0.00000","0.00000","0.00000","0.00000","0.00000","0.00000","0.00000","0.00000","0.00000","0.0000000000","0.0000000000","36","0","0","2","6","6","0","6"
"AAHMAN1V4fIkH","4","","true","","0","460","0","12/5/2022 8:09 AM","12/5/2022 8:11 AM","12/5/2022 8:00 AM","12/5/2022 8:00 AM","Doc6737990","MassEvent","WS6737982","Reverse Auction","PI384524","Sourcing Project","ariba.sourcing.rfx.SourcingProject","ASM","ASM","ASM","11/29/2022 12:00 AM","11/29/2022 12:00 AM","1/1/1970 12:00 AM","1/1/1970 12:00 AM","11/29/2022 12:00 AM","11/29/2022 12:00 AM","11/29/2022 12:00 AM","11/29/2022 12:00 AM","Customer Support Admin","customersupportadmin","0","12","0.00000","0.00000","0.00000","0.00000","0.00000","0.00000","0.00000","0.00000","0.00000","0.00000","0.00000","0.00000","0.00000","0.00000","0.00000","0.00000","0.00000","0.00000","0.00000","0.00000","0.00000","0.0000000000","0.0000000000","36","0","0","2","6","6","0","6"
"AAHMAN1V4fJOQ","4","","true","","0","460","0","12/5/2022 8:09 AM","12/5/2022 8:11 AM","12/5/2022 8:00 AM","12/5/2022 8:00 AM","Doc6756115","MassEvent - Reverse Auction #188","WS6756107","Reverse Auction","PI384524","Sourcing Project","ariba.sourcing.rfx.SourcingProject","ASM","ASM","ASM","11/29/2022 12:00 AM","11/29/2022 12:00 AM","1/1/1970 12:00 AM","1/1/1970 12:00 AM","11/29/2022 12:00 AM","11/29/2022 12:00 AM","11/29/2022 12:00 AM","11/29/2022 12:00 AM","Customer Support Admin","customersupportadmin","0","12","0.00000","0.00000","0.00000","0.00000","0.00000","0.00000","0.00000","0.00000","0.00000","0.00000","0.00000","0.00000","0.00000","0.00000","0.00000","0.00000","0.00000","0.00000","0.00000","0.00000","0.00000","0.0000000000","0.0000000000","36","0","0","2","6","6","0","6"
"AAHMAN1V4fIDN","4","","true","","0","460","0","12/5/2022 8:09 AM","12/5/2022 8:11 AM","12/5/2022 8:00 AM","12/5/2022 8:00 AM","Doc6871841","Ml3","WS6871833","Reverse Auction","PI384524","Sourcing Project","ariba.sourcing.rfx.SourcingProject","ASM","ASM","ASM","12/1/2022 12:00 AM","1/1/1970 12:00 AM","1/1/1970 12:00 AM","1/1/1970 12:00 AM","12/1/2022 12:00 AM","12/1/2022 12:00 AM","12/1/2022 12:00 AM","12/2/2022 12:00 AM","Customer Support Admin","customersupportadmin","0","12","0.00000","0.00000","0.00000","0.00000","0.00000","0.00000","0.00000","0.00000","0.00000","0.00000","0.00000","0.00000","0.00000","0.00000","0.00000","0.00000","0.00000","0.00000","0.00000","0.00000","0.00000","0.0000000000","0.0000000000","6","0","6","0","68","16","0","2"
"AAHMAN1V4fKMm","4","","true","","0","460","0","12/5/2022 8:09 AM","12/5/2022 8:11 AM","12/5/2022 8:00 AM","12/5/2022 8:00 AM","Doc6759105","MassEvent - Reverse Auction #258","WS6759097","Reverse Auction","PI384524","Sourcing Project","ariba.sourcing.rfx.SourcingProject","ASM","ASM","ASM","11/29/2022 12:00 AM","11/29/2022 12:00 AM","1/1/1970 12:00 AM","1/1/1970 12:00 AM","11/29/2022 12:00 AM","11/29/2022 12:00 AM","11/29/2022 12:00 AM","11/29/2022 12:00 AM","Customer Support Admin","customersupportadmin","0","12","0.00000","0.00000","0.00000","0.00000","0.00000","0.00000","0.00000","0.00000","0.00000","0.00000","0.00000","0.00000","0.00000","0.00000","0.00000","0.00000","0.00000","0.00000","0.00000","0.00000","0.00000","0.0000000000","0.0000000000","36","0","0","2","6","6","0","6"
"AAHMAN1V4fIy9","4","","true","","0","460","0","12/5/2022 8:09 AM","12/5/2022 8:11 AM","12/5/2022 8:00 AM","12/5/2022 8:00 AM","Doc6755728","MassEvent - Reverse Auction #177","WS6755520","Reverse Auction","PI384524","Sourcing Project","ariba.sourcing.rfx.SourcingProject","ASM","ASM","ASM","11/29/2022 12:00 AM","11/29/2022 12:00 AM","1/1/1970 12:00 AM","1/1/1970 12:00 AM","11/29/2022 12:00 AM","11/29/2022 12:00 AM","11/29/2022 12:00 AM","11/29/2022 12:00 AM","Customer Support Admin","customersupportadmin","0","12","0.00000","0.00000","0.00000","0.00000","0.00000","0.00000","0.00000","0.00000","0.00000","0.00000","0.00000","0.00000","0.00000","0.00000","0.00000","0.00000","0.00000","0.00000","0.00000","0.00000","0.00000","0.0000000000","0.0000000000","36","0","0","2","6","6","0","6"
"AAHMAN1V4fJyq","4","","true","","0","460","0","12/5/2022 8:09 AM","12/5/2022 8:11 AM","12/5/2022 8:00 AM","12/5/2022 8:00 AM","Doc6756821","MassEvent - Reverse Auction #206","WS6756813","Reverse Auction","PI384524","Sourcing Project","ariba.sourcing.rfx.SourcingProject","ASM","ASM","ASM","11/29/2022 12:00 AM","11/29/2022 12:00 AM","1/1/1970 12:00 AM","1/1/1970 12:00 AM","11/29/2022 12:00 AM","11/29/2022 12:00 AM","11/29/2022 12:00 AM","11/29/2022 12:00 AM","Customer Support Admin","customersupportadmin","0","12","0.00000","0.00000","0.00000","0.00000","0.00000","0.00000","0.00000","0.00000","0.00000","0.00000","0.00000","0.00000","0.00000","0.00000","0.00000","0.00000","0.00000","0.00000","0.00000","0.00000","0.00000","0.0000000000","0.0000000000","36","0","0","2","6","6","0","6"
"AAHMAN1V4fJ3k","4","","true","","0","460","0","12/5/2022 8:09 AM","12/5/2022 8:11 AM","12/5/2022 8:00 AM","12/5/2022 8:00 AM","Doc6757055","MassEvent - Reverse Auction #208","WS6757047","Reverse Auction","PI384524","Sourcing Project","ariba.sourcing.rfx.SourcingProject","ASM","ASM","ASM","11/29/2022 12:00 AM","11/29/2022 12:00 AM","1/1/1970 12:00 AM","1/1/1970 12:00 AM","11/29/2022 12:00 AM","11/29/2022 12:00 AM","11/29/2022 12:00 AM","11/29/2022 12:00 AM","Customer Support Admin","customersupportadmin","0","12","0.00000","0.00000","0.00000","0.00000","0.00000","0.00000","0.00000","0.00000","0.00000","0.00000","0.00000","0.00000","0.00000","0.00000","0.00000","0.00000","0.00000","0.00000","0.00000","0.00000","0.00000","0.0000000000","0.0000000000","36","0","0","2","6","6","0","6"
"AAHMAN1V4fJdl","4","","true","","0","460","0","12/5/2022 8:09 AM","12/5/2022 8:11 AM","12/5/2022 8:00 AM","12/5/2022 8:00 AM","Doc6757863","MassEvent - Reverse Auction #232","WS6757855","Reverse Auction","PI384524","Sourcing Project","ariba.sourcing.rfx.SourcingProject","ASM","ASM","ASM","11/29/2022 12:00 AM","11/29/2022 12:00 AM","1/1/1970 12:00 AM","1/1/1970 12:00 AM","11/29/2022 12:00 AM","11/29/2022 12:00 AM","11/29/2022 12:00 AM","11/29/2022 12:00 AM","Customer Support Admin","customersupportadmin","0","12","0.00000","0.00000","0.00000","0.00000","0.00000","0.00000","0.00000","0.00000","0.00000","0.00000","0.00000","0.00000","0.00000","0.00000","0.00000","0.00000","0.00000","0.00000","0.00000","0.00000","0.00000","0.0000000000","0.0000000000","36","0","0","2","6","6","0","6"
"AAHMAN1V4fKFc","4","","true","","0","460","0","12/5/2022 8:09 AM","12/5/2022 8:11 AM","12/5/2022 8:00 AM","12/5/2022 8:00 AM","Doc6758803","MassEvent - Reverse Auction #252","WS6758795","Reverse Auction","PI384524","Sourcing Project","ariba.sourcing.rfx.SourcingProject","ASM","ASM","ASM","11/29/2022 12:00 AM","11/29/2022 12:00 AM","1/1/1970 12:00 AM","1/1/1970 12:00 AM","11/29/2022 12:00 AM","11/29/2022 12:00 AM","11/29/2022 12:00 AM","11/29/2022 12:00 AM","Customer Support Admin","customersupportadmin","0","12","0.00000","0.00000","0.00000","0.00000","0.00000","0.00000","0.00000","0.00000","0.00000","0.00000","0.00000","0.00000","0.00000","0.00000","0.00000","0.00000","0.00000","0.00000","0.00000","0.00000","0.00000","0.0000000000","0.0000000000","36","0","0","2","6","6","0","6"
"AAHMAN1V4fIxB","4","","true","","0","460","0","12/5/2022 8:09 AM","12/5/2022 8:11 AM","12/5/2022 8:00 AM","12/5/2022 8:00 AM","Doc6755494","MassEvent - Reverse Auction #175","WS6755486","Reverse Auction","PI384524","Sourcing Project","ariba.sourcing.rfx.SourcingProject","ASM","ASM","ASM","11/29/2022 12:00 AM","11/29/2022 12:00 AM","1/1/1970 12:00 AM","1/1/1970 12:00 AM","11/29/2022 12:00 AM","11/29/2022 12:00 AM","11/29/2022 12:00 AM","11/29/2022 12:00 AM","Customer Support Admin","customersupportadmin","0","12","0.00000","0.00000","0.00000","0.00000","0.00000","0.00000","0.00000","0.00000","0.00000","0.00000","0.00000","0.00000","0.00000","0.00000","0.00000","0.00000","0.00000","0.00000","0.00000","0.00000","0.00000","0.0000000000","0.0000000000","36","0","0","2","6","6","0","6"
"AAHMAN1V4fKHU","4","","true","","0","460","0","12/5/2022 8:09 AM","12/5/2022 8:11 AM","12/5/2022 8:00 AM","12/5/2022 8:00 AM","Doc6759037","MassEvent - Reverse Auction #254","WS6759029","Reverse Auction","PI384524","Sourcing Project","ariba.sourcing.rfx.SourcingProject","ASM","ASM","ASM","11/29/2022 12:00 AM","11/29/2022 12:00 AM","1/1/1970 12:00 AM","1/1/1970 12:00 AM","11/29/2022 12:00 AM","11/29/2022 12:00 AM","11/29/2022 12:00 AM","11/29/2022 12:00 AM","Customer Support Admin","customersupportadmin","0","12","0.00000","0.00000","0.00000","0.00000","0.00000","0.00000","0.00000","0.00000","0.00000","0.00000","0.00000","0.00000","0.00000","0.00000","0.00000","0.00000","0.00000","0.00000","0.00000","0.00000","0.00000","0.0000000000","0.0000000000","36","0","0","2","6","6","0","6"
"AAHMAN1V4fJsG","4","","true","","0","460","0","12/5/2022 8:09 AM","12/5/2022 8:11 AM","12/5/2022 8:00 AM","12/5/2022 8:00 AM","Doc6756753","MassEvent - Reverse Auction #202","WS6756745","Reverse Auction","PI384524","Sourcing Project","ariba.sourcing.rfx.SourcingProject","ASM","ASM","ASM","11/29/2022 12:00 AM","11/29/2022 12:00 AM","1/1/1970 12:00 AM","1/1/1970 12:00 AM","11/29/2022 12:00 AM","11/29/2022 12:00 AM","11/29/2022 12:00 AM","11/29/2022 12:00 AM","Customer Support Admin","customersupportadmin","0","12","0.00000","0.00000","0.00000","0.00000","0.00000","0.00000","0.00000","0.00000","0.00000","0.00000","0.00000","0.00000","0.00000","0.00000","0.00000","0.00000","0.00000","0.00000","0.00000","0.00000","0.00000","0.0000000000","0.0000000000","36","0","0","2","6","6","0","6"
"AAHMAN1V4fJqt","4","","true","","0","460","0","12/5/2022 8:09 AM","12/5/2022 8:11 AM","12/5/2022 8:00 AM","12/5/2022 8:00 AM","Doc6758165","MassEvent - Reverse Auction #238","WS6758157","Reverse Auction","PI384524","Sourcing Project","ariba.sourcing.rfx.SourcingProject","ASM","ASM","ASM","11/29/2022 12:00 AM","11/29/2022 12:00 AM","1/1/1970 12:00 AM","1/1/1970 12:00 AM","11/29/2022 12:00 AM","11/29/2022 12:00 AM","11/29/2022 12:00 AM","11/29/2022 12:00 AM","Customer Support Admin","customersupportadmin","0","12","0.00000","0.00000","0.00000","0.00000","0.00000","0.00000","0.00000","0.00000","0.00000","0.00000","0.00000","0.00000","0.00000","0.00000","0.00000","0.00000","0.00000","0.00000","0.00000","0.00000","0.00000","0.0000000000","0.0000000000","36","0","0","2","6","6","0","6"
"AAHMAN1V4fJT3","4","","true","","0","460","0","12/5/2022 8:09 AM","12/5/2022 8:11 AM","12/5/2022 8:00 AM","12/5/2022 8:00 AM","Doc6756366","MassEvent - Reverse Auction #191","WS6756358","Reverse Auction","PI384524","Sourcing Project","ariba.sourcing.rfx.SourcingProject","ASM","ASM","ASM","11/29/2022 12:00 AM","11/29/2022 12:00 AM","1/1/1970 12:00 AM","1/1/1970 12:00 AM","11/29/2022 12:00 AM","11/29/2022 12:00 AM","11/29/2022 12:00 AM","11/29/2022 12:00 AM","Customer Support Admin","customersupportadmin","0","12","0.00000","0.00000","0.00000","0.00000","0.00000","0.00000","0.00000","0.00000","0.00000","0.00000","0.00000","0.00000","0.00000","0.00000","0.00000","0.00000","0.00000","0.00000","0.00000","0.00000","0.00000","0.0000000000","0.0000000000","36","0","0","2","6","6","0","6"
"AAHMAN1V4fJRe","4","","true","","0","460","0","12/5/2022 8:09 AM","12/5/2022 8:11 AM","12/5/2022 8:00 AM","12/5/2022 8:00 AM","Doc6756349","MassEvent - Reverse Auction #190","WS6756341","Reverse Auction","PI384524","Sourcing Project","ariba.sourcing.rfx.SourcingProject","ASM","ASM","ASM","11/29/2022 12:00 AM","11/29/2022 12:00 AM","1/1/1970 12:00 AM","1/1/1970 12:00 AM","11/29/2022 12:00 AM","11/29/2022 12:00 AM","11/29/2022 12:00 AM","11/29/2022 12:00 AM","Customer Support Admin","customersupportadmin","0","12","0.00000","0.00000","0.00000","0.00000","0.00000","0.00000","0.00000","0.00000","0.00000","0.00000","0.00000","0.00000","0.00000","0.00000","0.00000","0.00000","0.00000","0.00000","0.00000","0.00000","0.00000","0.0000000000","0.0000000000","36","0","0","2","6","6","0","6"
"AAHMAN1V4fIGB","4","","true","","0","460","0","12/5/2022 8:09 AM","12/5/2022 8:11 AM","12/5/2022 8:00 AM","12/5/2022 8:00 AM","Doc6972434","EvtSameSupplierAddress","WS6949326","Reverse Auction","PI384524","Sourcing Project","ariba.sourcing.rfx.SourcingProject","ASM","ASM","ASM","12/2/2022 12:00 AM","12/2/2022 12:00 AM","1/1/1970 12:00 AM","1/1/1970 12:00 AM","12/2/2022 12:00 AM","1/1/1970 12:00 AM","12/2/2022 12:00 AM","12/2/2022 12:00 AM","Tom Aikman","taikman","0","24","0.00000","0.00000","0.00000","0.00000","0.00000","0.00000","0.00000","0.00000","0.00000","0.00000","0.00000","0.00000","0.00000","0.00000","0.00000","0.00000","0.00000","0.00000","0.00000","0.00000","0.00000","0.0000000000","0.0000000000","3","0","3","0","71","3","3","3"
"AAHMAN1V4fJCJ","4","","true","","0","460","0","12/5/2022 8:09 AM","12/5/2022 8:11 AM","12/5/2022 8:00 AM","12/5/2022 8:00 AM","Doc6757359","MassEvent - Reverse Auction #220","WS6757351","Reverse Auction","PI384524","Sourcing Project","ariba.sourcing.rfx.SourcingProject","ASM","ASM","ASM","11/29/2022 12:00 AM","11/29/2022 12:00 AM","1/1/1970 12:00 AM","1/1/1970 12:00 AM","11/29/2022 12:00 AM","11/29/2022 12:00 AM","11/29/2022 12:00 AM","11/29/2022 12:00 AM","Customer Support Admin","customersupportadmin","0","12","0.00000","0.00000","0.00000","0.00000","0.00000","0.00000","0.00000","0.00000","0.00000","0.00000","0.00000","0.00000","0.00000","0.00000","0.00000","0.00000","0.00000","0.00000","0.00000","0.00000","0.00000","0.0000000000","0.0000000000","36","0","0","2","6","6","0","6"
"AAHMAN1V4fJ3R","4","","true","","0","460","0","12/5/2022 8:09 AM","12/5/2022 8:11 AM","12/5/2022 8:00 AM","12/5/2022 8:00 AM","Doc6758367","MassEvent - Reverse Auction #244","WS6758359","Reverse Auction","PI384524","Sourcing Project","ariba.sourcing.rfx.SourcingProject","ASM","ASM","ASM","11/29/2022 12:00 AM","11/29/2022 12:00 AM","1/1/1970 12:00 AM","1/1/1970 12:00 AM","11/29/2022 12:00 AM","11/29/2022 12:00 AM","11/29/2022 12:00 AM","11/29/2022 12:00 AM","Customer Support Admin","customersupportadmin","0","12","0.00000","0.00000","0.00000","0.00000","0.00000","0.00000","0.00000","0.00000","0.00000","0.00000","0.00000","0.00000","0.00000","0.00000","0.00000","0.00000","0.00000","0.00000","0.00000","0.00000","0.00000","0.0000000000","0.0000000000","36","0","0","2","6","6","0","6"
"AAHMAN1V4fJij","4","","true","","0","460","0","12/5/2022 8:09 AM","12/5/2022 8:11 AM","12/5/2022 8:00 AM","12/5/2022 8:00 AM","Doc6756685","MassEvent - Reverse Auction #198","WS6756677","Reverse Auction","PI384524","Sourcing Project","ariba.sourcing.rfx.SourcingProject","ASM","ASM","ASM","11/29/2022 12:00 AM","11/29/2022 12:00 AM","1/1/1970 12:00 AM","1/1/1970 12:00 AM","11/29/2022 12:00 AM","11/29/2022 12:00 AM","11/29/2022 12:00 AM","11/29/2022 12:00 AM","Customer Support Admin","customersupportadmin","0","12","0.00000","0.00000","0.00000","0.00000","0.00000","0.00000","0.00000","0.00000","0.00000","0.00000","0.00000","0.00000","0.00000","0.00000","0.00000","0.00000","0.00000","0.00000","0.00000","0.00000","0.00000","0.0000000000","0.0000000000","36","0","0","2","6","6","0","6"
"AAHMAN1V4fKUW","4","","true","","0","460","0","12/5/2022 8:09 AM","12/5/2022 8:11 AM","12/5/2022 8:00 AM","12/5/2022 8:00 AM","Doc6759426","MassEvent - Reverse Auction #265","WS6759418","Reverse Auction","PI384524","Sourcing Project","ariba.sourcing.rfx.SourcingProject","ASM","ASM","ASM","11/29/2022 12:00 AM","11/29/2022 12:00 AM","1/1/1970 12:00 AM","1/1/1970 12:00 AM","11/29/2022 12:00 AM","11/29/2022 12:00 AM","11/29/2022 12:00 AM","11/29/2022 12:00 AM","Customer Support Admin","customersupportadmin","0","12","0.00000","0.00000","0.00000","0.00000","0.00000","0.00000","0.00000","0.00000","0.00000","0.00000","0.00000","0.00000","0.00000","0.00000","0.00000","0.00000","0.00000","0.00000","0.00000","0.00000","0.00000","0.0000000000","0.0000000000","36","0","0","2","6","6","0","6"
"AAHMAN1V4fIEG","4","","true","","0","460","0","12/5/2022 8:09 AM","12/5/2022 8:11 AM","12/5/2022 8:00 AM","12/5/2022 8:00 AM","Doc6900882","DemoBidLastMinute2","WS6900874","Reverse Auction - Overtime","PI6854406","Sourcing Project","ariba.sourcing.rfx.SourcingProject","ASM","ASM","ASM","12/1/2022 12:00 AM","12/1/2022 12:00 AM","1/1/1970 12:00 AM","1/1/1970 12:00 AM","12/1/2022 12:00 AM","12/1/2022 12:00 AM","12/1/2022 12:00 AM","12/1/2022 12:00 AM","Customer Support Admin","customersupportadmin","0","12","0.00000","0.00000","0.00000","0.00000","0.00000","0.00000","0.00000","0.00000","0.00000","0.00000","0.00000","0.00000","0.00000","0.00000","0.00000","0.00000","0.00000","0.00000","0.00000","0.00000","0.00000","0.0000000000","0.0000000000","7","0","7","0","68","5","0","4"
"AAHMAN1V4fKQH","4","","true","","0","460","0","12/5/2022 8:09 AM","12/5/2022 8:11 AM","12/5/2022 8:00 AM","12/5/2022 8:00 AM","Doc6759340","MassEvent - Reverse Auction #260","WS6759332","Reverse Auction","PI384524","Sourcing Project","ariba.sourcing.rfx.SourcingProject","ASM","ASM","ASM","11/29/2022 12:00 AM","11/29/2022 12:00 AM","1/1/1970 12:00 AM","1/1/1970 12:00 AM","11/29/2022 12:00 AM","11/29/2022 12:00 AM","11/29/2022 12:00 AM","11/29/2022 12:00 AM","Customer Support Admin","customersupportadmin","0","12","0.00000","0.00000","0.00000","0.00000","0.00000","0.00000","0.00000","0.00000","0.00000","0.00000","0.00000","0.00000","0.00000","0.00000","0.00000","0.00000","0.00000","0.00000","0.00000","0.00000","0.00000","0.0000000000","0.0000000000","36","0","0","2","6","6","0","6"
"AAHMAN1V4fItw","4","","true","","0","460","0","12/5/2022 8:09 AM","12/5/2022 8:11 AM","12/5/2022 8:00 AM","12/5/2022 8:00 AM","Doc6755435","MassEvent - Reverse Auction #172","WS6755427","Reverse Auction","PI384524","Sourcing Project","ariba.sourcing.rfx.SourcingProject","ASM","ASM","ASM","11/29/2022 12:00 AM","11/29/2022 12:00 AM","1/1/1970 12:00 AM","1/1/1970 12:00 AM","11/29/2022 12:00 AM","11/29/2022 12:00 AM","11/29/2022 12:00 AM","11/29/2022 12:00 AM","Customer Support Admin","customersupportadmin","0","12","0.00000","0.00000","0.00000","0.00000","0.00000","0.00000","0.00000","0.00000","0.00000","0.00000","0.00000","0.00000","0.00000","0.00000","0.00000","0.00000","0.00000","0.00000","0.00000","0.00000","0.00000","0.0000000000","0.0000000000","36","0","0","2","6","6","0","6"
"AAHMAN1V4fJS6","4","","true","","0","460","0","12/5/2022 8:09 AM","12/5/2022 8:11 AM","12/5/2022 8:00 AM","12/5/2022 8:00 AM","Doc6757678","MassEvent - Reverse Auction #227","WS6757670","Reverse Auction","PI384524","Sourcing Project","ariba.sourcing.rfx.SourcingProject","ASM","ASM","ASM","11/29/2022 12:00 AM","11/29/2022 12:00 AM","1/1/1970 12:00 AM","1/1/1970 12:00 AM","11/29/2022 12:00 AM","11/29/2022 12:00 AM","11/29/2022 12:00 AM","11/29/2022 12:00 AM","Customer Support Admin","customersupportadmin","0","12","0.00000","0.00000","0.00000","0.00000","0.00000","0.00000","0.00000","0.00000","0.00000","0.00000","0.00000","0.00000","0.00000","0.00000","0.00000","0.00000","0.00000","0.00000","0.00000","0.00000","0.00000","0.0000000000","0.0000000000","36","0","0","2","6","6","0","6"
"AAHMAN1V4fKAA","4","","true","","0","460","0","12/5/2022 8:09 AM","12/5/2022 8:11 AM","12/5/2022 8:00 AM","12/5/2022 8:00 AM","Doc6758752","MassEvent - Reverse Auction #249","WS6758744","Reverse Auction","PI384524","Sourcing Project","ariba.sourcing.rfx.SourcingProject","ASM","ASM","ASM","11/29/2022 12:00 AM","11/29/2022 12:00 AM","1/1/1970 12:00 AM","1/1/1970 12:00 AM","11/29/2022 12:00 AM","11/29/2022 12:00 AM","11/29/2022 12:00 AM","11/29/2022 12:00 AM","Customer Support Admin","customersupportadmin","0","12","0.00000","0.00000","0.00000","0.00000","0.00000","0.00000","0.00000","0.00000","0.00000","0.00000","0.00000","0.00000","0.00000","0.00000","0.00000","0.00000","0.00000","0.00000","0.00000","0.00000","0.00000","0.0000000000","0.0000000000","36","0","0","2","6","6","0","6"
"AAHMAN1V4fJ8E","4","","true","","0","460","0","12/5/2022 8:09 AM","12/5/2022 8:11 AM","12/5/2022 8:00 AM","12/5/2022 8:00 AM","Doc6758418","MassEvent - Reverse Auction #247","WS6758410","Reverse Auction","PI384524","Sourcing Project","ariba.sourcing.rfx.SourcingProject","ASM","ASM","ASM","11/29/2022 12:00 AM","11/29/2022 12:00 AM","1/1/1970 12:00 AM","1/1/1970 12:00 AM","11/29/2022 12:00 AM","11/29/2022 12:00 AM","11/29/2022 12:00 AM","11/29/2022 12:00 AM","Customer Support Admin","customersupportadmin","0","12","0.00000","0.00000","0.00000","0.00000","0.00000","0.00000","0.00000","0.00000","0.00000","0.00000","0.00000","0.00000","0.00000","0.00000","0.00000","0.00000","0.00000","0.00000","0.00000","0.00000","0.00000","0.0000000000","0.0000000000","36","0","0","2","6","6","0","6"
"AAHMAN1V4fJg4","4","","true","","0","460","0","12/5/2022 8:09 AM","12/5/2022 8:11 AM","12/5/2022 8:00 AM","12/5/2022 8:00 AM","Doc6757880","MassEvent - Reverse Auction #233","WS6757872","Reverse Auction","PI384524","Sourcing Project","ariba.sourcing.rfx.SourcingProject","ASM","ASM","ASM","11/29/2022 12:00 AM","11/29/2022 12:00 AM","1/1/1970 12:00 AM","1/1/1970 12:00 AM","11/29/2022 12:00 AM","11/29/2022 12:00 AM","11/29/2022 12:00 AM","11/29/2022 12:00 AM","Customer Support Admin","customersupportadmin","0","12","0.00000","0.00000","0.00000","0.00000","0.00000","0.00000","0.00000","0.00000","0.00000","0.00000","0.00000","0.00000","0.00000","0.00000","0.00000","0.00000","0.00000","0.00000","0.00000","0.00000","0.00000","0.0000000000","0.0000000000","36","0","0","2","6","6","0","6"
"AAHMAN1V4fJ1W","3","","true","","0","460","0","12/5/2022 8:09 AM","12/5/2022 8:11 AM","12/5/2022 8:00 AM","12/5/2022 8:00 AM","Doc6757038","MassEvent - Reverse Auction #207","WS6757030","Reverse Auction","PI384524","Sourcing Project","ariba.sourcing.rfx.SourcingProject","ASM","ASM","ASM","11/29/2022 12:00 AM","1/1/1970 12:00 AM","1/1/1970 12:00 AM","1/1/1970 12:00 AM","11/29/2022 12:00 AM","11/29/2022 12:00 AM","11/29/2022 12:00 AM","11/29/2022 12:00 AM","Customer Support Admin","customersupportadmin","0","12","0.00000","0.00000","0.00000","0.00000","0.00000","0.00000","0.00000","0.00000","0.00000","0.00000","0.00000","0.00000","0.00000","0.00000","0.00000","0.00000","0.00000","0.00000","0.00000","0.00000","0.00000","0.0000000000","0.0000000000","0","0","0","2","6","0","0","0"
"AAHMAN1V4fJa5","3","","true","","0","460","0","12/5/2022 8:09 AM","12/5/2022 8:11 AM","12/5/2022 8:00 AM","12/5/2022 8:00 AM","Doc6756417","MassEvent - Reverse Auction #194","WS6756409","Reverse Auction","PI384524","Sourcing Project","ariba.sourcing.rfx.SourcingProject","ASM","ASM","ASM","11/29/2022 12:00 AM","1/1/1970 12:00 AM","1/1/1970 12:00 AM","1/1/1970 12:00 AM","11/29/2022 12:00 AM","11/29/2022 12:00 AM","11/29/2022 12:00 AM","11/29/2022 12:00 AM","Customer Support Admin","customersupportadmin","0","12","0.00000","0.00000","0.00000","0.00000","0.00000","0.00000","0.00000","0.00000","0.00000","0.00000","0.00000","0.00000","0.00000","0.00000","0.00000","0.00000","0.00000","0.00000","0.00000","0.00000","0.00000","0.0000000000","0.0000000000","0","0","0","2","6","0","0","0"
"AAHMAN1V4fJ+4","4","","true","","0","460","0","12/5/2022 8:09 AM","12/5/2022 8:11 AM","12/5/2022 8:00 AM","12/5/2022 8:00 AM","Doc6757240","MassEvent - Reverse Auction #213","WS6757232","Reverse Auction","PI384524","Sourcing Project","ariba.sourcing.rfx.SourcingProject","ASM","ASM","ASM","11/29/2022 12:00 AM","11/29/2022 12:00 AM","1/1/1970 12:00 AM","1/1/1970 12:00 AM","11/29/2022 12:00 AM","11/29/2022 12:00 AM","11/29/2022 12:00 AM","11/29/2022 12:00 AM","Customer Support Admin","customersupportadmin","0","12","0.00000","0.00000","0.00000","0.00000","0.00000","0.00000","0.00000","0.00000","0.00000","0.00000","0.00000","0.00000","0.00000","0.00000","0.00000","0.00000","0.00000","0.00000","0.00000","0.00000","0.00000","0.0000000000","0.0000000000","36","0","0","2","6","6","0","6"
"AAHMAN1V4iaIU","5","","true","","0","460","0","12/6/2022 2:36 AM","12/6/2022 2:36 AM","12/6/2022 2:30 AM","12/6/2022 2:30 AM","Doc6999590","ProcureElectronics-Laptops","WS6999582","Reverse Auction","PI384524","Sourcing Project","ariba.sourcing.rfx.SourcingProject","ASM","ASM","ASM","12/6/2022 12:00 AM","12/6/2022 12:00 AM","1/1/1970 12:00 AM","1/1/1970 12:00 AM","12/5/2022 12:00 AM","1/1/1970 12:00 AM","12/6/2022 12:00 AM","12/6/2022 12:00 AM","Customer Support Admin","customersupportadmin","0","12","0.00000","0.00000","0.00000","0.00000","0.00000","0.00000","0.00000","0.00000","0.00000","0.00000","0.00000","0.00000","0.00000","0.00000","0.00000","0.00000","0.00000","0.00000","0.00000","0.00000","0.00000","0.0000000000","0.0000000000","5","0","5","0","6","6","0","5"
"AAHMAN1V4iaJx","5","","true","","0","460","0","12/6/2022 2:36 AM","12/6/2022 2:36 AM","12/6/2022 2:30 AM","12/6/2022 2:30 AM","Doc7001865","ProcureApparel","WS7001857","Reverse Auction","PI384524","Sourcing Project","ariba.sourcing.rfx.SourcingProject","ASM","ASM","ASM","12/6/2022 12:00 AM","12/6/2022 12:00 AM","1/1/1970 12:00 AM","1/1/1970 12:00 AM","12/6/2022 12:00 AM","1/1/1970 12:00 AM","12/6/2022 12:00 AM","12/6/2022 12:00 AM","Customer Support Admin","customersupportadmin","0","12","0.00000","0.00000","0.00000","0.00000","0.00000","0.00000","0.00000","0.00000","0.00000","0.00000","0.00000","0.00000","0.00000","0.00000","0.00000","0.00000","0.00000","0.00000","0.00000","0.00000","0.00000","0.0000000000","0.0000000000","6","0","6","0","6","6","0","6"
"AAHMAN1V4iaJS","5","","true","","0","460","0","12/6/2022 2:36 AM","12/6/2022 2:36 AM","12/6/2022 2:30 AM","12/6/2022 2:30 AM","Doc7001832","ProcureElectronics-BladeServer","WS6999624","Reverse Auction","PI384524","Sourcing Project","ariba.sourcing.rfx.SourcingProject","ASM","ASM","ASM","12/6/2022 12:00 AM","12/6/2022 12:00 AM","1/1/1970 12:00 AM","1/1/1970 12:00 AM","12/6/2022 12:00 AM","1/1/1970 12:00 AM","12/6/2022 12:00 AM","12/6/2022 12:00 AM","Customer Support Admin","customersupportadmin","0","12","0.00000","0.00000","0.00000","0.00000","0.00000","0.00000","0.00000","0.00000","0.00000","0.00000","0.00000","0.00000","0.00000","0.00000","0.00000","0.00000","0.00000","0.00000","0.00000","0.00000","0.00000","0.0000000000","0.0000000000","5","0","5","0","6","5","0","5"
"AAHMAN1V4iaKQ","4","","true","","0","460","0","12/6/2022 2:36 AM","12/6/2022 2:36 AM","12/6/2022 2:30 AM","12/6/2022 2:30 AM","Doc7001940","M12","WS7001932","Reverse Auction","PI384524","Sourcing Project","ariba.sourcing.rfx.SourcingProject","ASM","ASM","ASM","12/6/2022 12:00 AM","12/6/2022 12:00 AM","1/1/1970 12:00 AM","1/1/1970 12:00 AM","12/6/2022 12:00 AM","1/1/1970 12:00 AM","12/6/2022 12:00 AM","12/6/2022 12:00 AM","Customer Support Admin","customersupportadmin","0","25","0.00000","0.00000","0.00000","0.00000","0.00000","0.00000","0.00000","0.00000","0.00000","0.00000","0.00000","0.00000","0.00000","0.00000","0.00000","0.00000","0.00000","0.00000","0.00000","0.00000","0.00000","0.0000000000","0.0000000000","8","0","8","0","6","6","0","6"
"AAHMAN1V4iaIz","5","","true","","0","460","0","12/6/2022 2:36 AM","12/6/2022 2:36 AM","12/6/2022 2:30 AM","12/6/2022 2:30 AM","Doc6999613","ProcureElectronics-Desktop","WS6999605","Reverse Auction","PI384524","Sourcing Project","ariba.sourcing.rfx.SourcingProject","ASM","ASM","ASM","12/6/2022 12:00 AM","12/6/2022 12:00 AM","1/1/1970 12:00 AM","1/1/1970 12:00 AM","12/6/2022 12:00 AM","1/1/1970 12:00 AM","12/6/2022 12:00 AM","12/6/2022 12:00 AM","Customer Support Admin","customersupportadmin","0","12","0.00000","0.00000","0.00000","0.00000","0.00000","0.00000","0.00000","0.00000","0.00000","0.00000","0.00000","0.00000","0.00000","0.00000","0.00000","0.00000","0.00000","0.00000","0.00000","0.00000","0.00000","0.0000000000","0.0000000000","5","0","5","0","6","6","0","5"
"AAHMAN1V4fIHa","5","","true","","0","460","0","12/5/2022 8:09 AM","12/6/2022 2:36 AM","12/5/2022 8:00 AM","12/6/2022 2:30 AM","Doc6972453","EvtSameSupplierAddress2","WS6972445","Reverse Auction","PI384524","Sourcing Project","ariba.sourcing.rfx.SourcingProject","ASM","ASM","ASM","12/2/2022 12:00 AM","12/5/2022 12:00 AM","1/1/1970 12:00 AM","1/1/1970 12:00 AM","12/2/2022 12:00 AM","1/1/1970 12:00 AM","12/2/2022 12:00 AM","12/2/2022 12:00 AM","Tom Aikman","taikman","0","24","0.00000","0.00000","0.00000","0.00000","0.00000","0.00000","0.00000","0.00000","0.00000","0.00000","0.00000","0.00000","0.00000","0.00000","0.00000","0.00000","0.00000","0.00000","0.00000","0.00000","0.00000","0.0000000000","0.0000000000","3","0","3","0","71","2","0","2"
